,list_subcategories,1st_subcategory
58,"[11, 23, 21, 22, 14, 31, 34, 42, 24, 12, 13, 32, 33, 41, 43, 44]",11
62,"[31, 41, 42, 24, 11, 13, 14, 21, 23, 32, 34]",31
135,"[11, 31, 42, 21, 23, 33, 12, 14, 24, 32, 34]",11
228,"[21, 11, 31, 12, 14, 42, 23, 24, 33, 34, 13, 22]",21
325,"[42, 24, 32, 34, 23, 31, 41, 44]",42
361,"[31, 24, 33, 34, 11, 14, 23, 41, 42, 44]",31
428,"[31, 24, 42, 12, 32, 34, 41, 43]",31
432,"[14, 23, 21, 22, 32, 11, 24, 34, 44]",14
441,"[11, 21, 23, 31, 14, 32, 34, 44, 12, 13, 22, 24]",11
443,"[31, 21, 11, 13, 34, 22, 12, 32, 41, 42]",31
444,"[31, 42, 34, 11, 21, 23, 33, 12, 14, 32]",31
449,"[14, 23, 31, 21, 42, 24, 32]",14
463,"[11, 14, 21, 12, 23, 24, 32, 42, 33, 34, 43]",11
477,"[24, 42, 11, 12, 22, 31, 43]",24
488,"[42, 21, 11, 31, 23, 24, 13, 14, 34, 44]",42
533,"[31, 14, 23, 42, 43, 21, 11, 12, 24, 32, 34]",31
534,"[42, 11, 21, 34, 23, 14, 31, 33, 41]",42
535,"[42, 12, 21, 23, 24, 31, 43]",42
635,"[42, 11, 21, 31, 24, 34, 44, 12, 23, 33, 41]",42
672,"[14, 21, 23, 13, 22, 42, 24, 31, 34, 41]",14
673,"[23, 31, 24, 42, 14, 21, 32, 33, 41, 43]",23
691,"[42, 24, 31, 21, 34, 41, 23, 14, 11, 32, 33, 44]",42
699,"[42, 34, 14, 31, 11, 24, 21, 33, 44, 23]",42
700,"[42, 31, 12, 23, 34, 44]",42
714,"[34, 42, 31, 32, 33, 44]",34
717,"[21, 33, 34, 11, 23, 31, 14, 32, 44]",21
746,"[24, 31, 42, 34, 44, 11, 21, 12, 23, 32, 33]",24
747,"[13, 21, 33, 41, 11, 24, 34, 42, 44]",13
789,"[11, 42, 23, 31, 34, 13, 21, 24, 32, 33, 41]",11
901,"[24, 11, 21, 34, 42]",24
910,"[11, 34, 23, 31, 42, 44, 12, 24]",11
919,"[21, 14, 31, 11, 13, 32, 33, 24, 43, 34]",21
920,"[24, 14, 41, 11, 21, 22, 23, 31, 33]",24
934,"[24, 31, 42, 23, 41, 43, 21, 32, 33, 34, 44]",24
968,"[32, 31, 14, 24, 34]",32
969,"[42, 11, 21, 31, 23, 41, 13, 14, 24, 32, 33, 34]",42
1020,"[23, 14, 21, 24, 11, 31, 33, 34, 41, 42]",23
1103,"[23, 11, 14, 24, 42]",23
1113,"[23, 24, 42, 32, 11, 21, 33]",23
1157,"[11, 21, 23, 42, 14, 31, 32, 41, 13, 34, 44]",11
1177,"[23, 14, 21, 24, 41, 31, 34, 44]",23
1184,"[42, 32, 11, 21, 31, 23, 24, 33]",42
1251,"[11, 21, 31, 34, 42, 24, 44]",11
1286,"[21, 23, 24, 34, 42, 43, 14, 31, 41, 44]",21
1306,"[11, 31, 42, 21, 14, 33, 12, 13, 24, 41, 23, 32]",11
1338,"[23, 24, 21, 11, 31, 42, 12, 14, 22, 34, 43]",23
1398,"[44, 21, 31, 42, 23, 12, 14, 32, 34]",44
1417,"[11, 21, 14, 23, 31, 42, 32, 13, 33, 12, 41, 44]",11
1420,"[23, 31, 11, 21, 24, 42, 13, 14, 32, 34, 41, 43, 44]",23
1447,"[23, 24, 33, 11, 14, 21, 31, 41, 43, 13, 34, 42, 44]",23
1453,"[11, 21, 31, 42, 41, 44, 12, 24, 34]",11
1454,"[31, 42, 21, 11, 24, 43, 12, 14, 23, 34]",31
1539,"[11, 21, 31, 14, 23, 34, 42, 12, 24, 32, 13, 22, 43]",11
1560,"[11, 12, 43, 21, 14, 13, 23, 33, 41, 42, 24, 31, 32]",11
1561,"[11, 21, 42, 31, 13, 14, 23, 24, 34, 41, 44]",11
1562,"[13, 21, 41, 23, 31, 34, 42]",13
1572,"[21, 31, 11, 23, 41, 32, 33, 12, 34, 42, 43, 13, 14, 22, 24, 44]",21
1582,"[34, 21, 44, 24, 41, 42, 43, 11, 13]",34
1662,"[34, 44, 11, 24, 42, 21, 23, 31]",34
1664,"[23, 31, 24, 33]",23
1766,"[11, 21, 42, 31, 14, 13, 23, 33, 34, 41, 43]",11
1776,"[42, 12, 34, 11, 21, 31, 33, 23]",42
1795,"[31, 42, 21, 11, 14, 23]",31
1831,"[42, 33, 34, 12, 23, 21, 11, 14, 31, 43]",42
1832,"[21, 23, 11, 14, 12, 24, 34, 44]",21
1855,"[11, 21, 23, 34, 42, 12, 13, 14, 31, 32, 41, 43, 44]",11
1861,"[21, 24, 44, 12, 31, 34, 42, 11, 14, 22, 23, 32, 33, 43]",21
1871,"[31, 41, 13, 14, 21, 23, 24, 44]",31
1884,"[12, 11, 21, 41, 42, 43, 44]",12
1908,"[31, 41, 44, 11, 13, 23, 34, 21, 14, 24, 32, 42, 43]",31
1926,"[11, 34, 12, 13, 14, 21, 23, 44, 31, 41]",11
1943,"[11, 31, 21, 34, 42, 43, 33, 41, 44]",11
1955,"[23, 11, 13, 14, 1, 12, 21, 31, 32]",23
2008,"[21, 11, 31, 33, 14, 12, 34, 13, 24, 41, 42, 44]",21
2022,"[31, 42, 44, 11, 21, 12, 14]",31
2025,"[24, 21, 11, 13, 14, 31, 34, 41, 42, 44]",24
2035,"[11, 14, 21, 23, 24, 32, 33, 34, 42, 44]",11
2041,"[11, 23, 21, 42, 31, 14, 34, 41, 44, 12, 22, 13, 24, 32, 33]",11
2042,"[23, 24, 41, 11, 14, 21, 22, 31, 34, 42, 44]",23
2057,"[11, 42, 21, 41, 31, 34, 23, 32, 33]",11
2064,"[11, 31, 44, 23, 42, 24, 32, 34]",11
2083,"[23, 24, 14, 21, 31, 42, 11, 13, 32]",23
2100,"[11, 24, 21, 31, 14, 23, 32, 42, 13, 44]",11
2114,"[21, 24, 11, 43, 12, 14, 33, 13, 23, 31, 41, 42]",21
2117,"[31, 23, 41, 24, 34, 44]",31
2135,"[11, 21, 12, 23, 31, 13, 41, 42, 43]",11
2136,"[34, 41, 11, 42, 31, 44, 21, 23, 33]",34
2138,"[11, 21, 31, 42, 12, 13, 23, 41, 24, 32, 34]",11
2142,"[12, 14, 21, 31, 24, 41, 44, 11, 33, 34, 42]",12
2218,"[42, 12, 31, 24, 32, 33, 14, 34, 43, 44]",42
2330,"[21, 31, 11, 42, 12, 14, 24, 33, 23, 43, 44]",21
2351,"[23, 14, 21, 24, 31, 42, 11, 12, 44]",23
2379,"[42, 11, 21, 23, 34, 12, 13, 14, 32, 33, 44]",42
2411,"[21, 11, 22, 23, 12, 44, 31, 42, 14, 34, 32, 24, 33, 41]",21
2440,"[23, 24, 34, 42, 13, 31, 32, 41]",23
2452,"[21, 14, 23, 11, 24, 12, 34, 42, 43, 44]",21
2495,"[21, 31, 11, 22, 23, 24, 32, 44]",21
2505,"[24, 31, 33, 43, 11, 12, 21, 23, 42]",24
2521,"[44, 31, 34, 41, 42, 13, 23, 24, 14, 21, 33, 43]",44
2541,"[11, 31, 21, 12, 42, 44, 14, 43, 33, 34]",11
2580,"[33, 31, 42, 21, 24, 14, 34, 43]",33
2612,"[21, 23, 24, 31, 13, 41, 14, 22, 33, 34, 42, 44]",21
2671,"[21, 11, 31, 42, 13, 14, 44, 23, 32, 12, 33, 34, 41, 43]",21
2694,"[11, 21, 31, 14, 23, 12, 42]",11
2742,"[42, 21, 11, 12, 31, 41, 23, 24, 32, 34, 43, 44]",42
2756,"[23, 14, 31, 41, 11, 21, 24, 32, 33, 42, 44]",23
2788,"[14, 44, 12, 23]",14
2831,"[21, 14, 23, 12, 22, 24, 31, 33, 41, 42]",21
2867,"[14, 23, 31, 21, 24, 12, 13, 22, 33, 41, 42, 43]",14
2897,"[23, 42, 11, 21, 31, 33, 32, 24, 41, 12, 34, 44]",23
2920,"[31, 42, 21, 24, 11, 23, 33]",31
2963,"[43, 11, 21, 24, 33, 42, 12, 23, 31, 13, 14, 44]",43
3030,"[14, 21, 24, 13, 11, 31, 34, 41, 43]",14
3044,"[31, 11, 42, 32, 41, 12, 21, 23, 24, 33, 34, 43, 44]",31
3046,"[42, 12, 31, 24, 33, 34, 21, 23]",42
3049,"[13, 21, 31, 11, 22, 24, 33, 34, 41, 43]",13
3055,"[42, 12, 31, 33, 21, 43]",42
3089,"[33, 41, 43, 12, 21, 31, 42, 34]",33
3111,"[33, 42, 31, 12, 24, 34]",33
3157,"[11, 43, 21, 12, 31, 32, 33, 34, 44, 23, 42]",11
3160,"[14, 21, 23, 11, 42, 12, 24, 22, 31, 32, 33, 34, 43, 44]",14
3164,"[21, 14, 11, 12, 23, 31, 34, 43, 13, 32, 33, 41, 44]",21
3204,"[12, 21, 41, 13, 31, 34, 42, 44, 24]",12
3228,"[33, 42, 31, 41, 44, 23, 34, 12, 32]",33
3234,"[11, 24, 44, 14, 23, 32, 42, 12]",11
3252,"[11, 21, 14, 31, 34, 42, 12, 33, 43, 44]",11
3271,"[43, 33, 31, 42, 11, 12, 21, 41, 13, 34, 44]",43
3333,"[21, 11, 24, 42, 12, 14, 31, 33, 34]",21
3369,"[13, 11, 21, 31, 43, 14, 22, 23, 24, 33, 34, 41, 42]",13
3371,"[42, 31, 11, 13, 23, 24, 41, 43, 44, 12, 14, 21, 32, 33, 34]",42
3374,"[31, 21, 14, 24, 34, 42, 11, 12, 43, 44, 22, 33, 41]",31
3382,"[42, 11, 21, 12, 23, 31, 34, 43, 14, 24, 32, 41, 44]",42
3427,"[21, 11, 14, 31, 42, 12, 13, 23, 32, 34, 44]",21
3430,"[11, 21, 23, 31, 13, 14, 41, 42, 44]",11
3463,"[24, 31, 13, 41, 23, 42, 21, 22, 32, 34, 44]",24
3525,"[23, 24, 33, 14, 34, 42, 11, 13, 21, 31, 41, 43, 44]",23
3560,"[23, 41, 31, 42, 14, 33, 34, 44, 32, 43]",23
3580,"[23, 42, 21, 31, 41, 12, 22, 14, 44]",23
3657,"[21, 14, 34, 42, 11, 31, 24, 33]",21
3661,"[43, 23, 33, 21, 11, 13, 14, 31, 32, 34, 41, 42]",43
3705,"[31, 24, 34, 14, 41, 42, 32, 43, 44]",31
3730,"[23, 31, 14, 21, 33, 41, 44, 34, 42, 12, 24]",23
3752,"[11, 21, 12, 31, 41, 23, 32, 42, 33]",11
3760,"[21, 14, 23, 31, 43, 34, 41, 42]",21
3761,"[13, 24, 42, 21, 31, 33, 41, 43, 11, 12, 14, 34]",13
3763,"[23, 22, 31, 41, 24, 42, 44, 14, 21, 34, 13]",23
3766,"[23, 31, 11, 14, 21, 33, 34, 41]",23
3769,"[13, 11, 21, 31, 33, 41, 12, 24, 42, 14, 34, 43, 44]",13
3783,"[11, 24, 42, 31, 21]",11
3796,"[24, 11, 31, 34, 21, 42, 13, 14]",24
3798,"[31, 21, 12, 23, 41, 42, 11, 14, 24, 34, 43, 44]",31
3805,"[21, 12, 42, 34, 11, 22, 14, 44]",21
3816,"[31, 42, 23, 34, 11, 21, 32, 41, 44]",31
3824,"[21, 23, 12, 22, 31, 33, 34, 41, 42]",21
3840,"[24, 21, 14, 23, 31, 33, 42, 12, 13, 22, 41, 43]",24
3854,"[21, 12, 11, 14, 42, 23, 31, 32, 33, 34]",21
3867,"[14, 21, 12, 42, 31, 11, 23, 24, 43, 34, 41, 44]",14
3874,"[21, 11, 24, 31, 12, 33, 14, 34, 44]",21
3909,"[11, 44, 21, 31, 13, 34, 41, 42]",11
3979,"[31, 24, 32, 34, 12, 23, 33, 42, 44]",31
3982,"[11, 23, 14, 21, 42, 24, 31, 32, 33]",11
3987,"[31, 42, 12, 21, 34, 43, 11, 23, 33, 41, 44]",31
3996,"[23, 14, 34, 31, 44, 13, 21, 22, 24, 33, 41, 42]",23
3997,"[42, 31, 21, 33, 12, 43, 11, 14, 23, 41]",42
4041,"[33, 34, 11, 14, 24, 31, 42, 12, 21, 23, 32, 44]",33
4042,"[23, 31, 12, 41, 11, 24, 42, 21, 33, 14, 22, 32, 34, 43, 44]",23
4051,"[23, 42, 14, 11, 21, 31, 22, 24, 44]",23
4063,"[11, 42, 21, 31, 41, 12, 13, 14, 34]",11
4065,"[14, 23, 21, 31, 42, 24, 33, 41, 11, 12, 13, 22, 43]",14
4067,"[23, 14, 31, 34, 41, 44, 11, 13, 21, 42, 43]",23
4074,"[11, 41, 13, 21, 34, 42, 14, 23, 31, 43, 44]",11
4097,"[24, 14, 21, 42, 11, 23, 31, 41, 44]",24
4105,"[21, 11, 24, 44, 13, 14, 22, 23, 31, 34, 41]",21
4106,"[21, 34, 24, 23, 11, 13, 31, 33, 41, 44]",21
4110,"[21, 12, 31, 44, 43, 11, 24, 33, 42, 13, 23]",21
4123,"[23, 44, 13, 31, 11, 21, 24, 34, 41, 42]",23
4124,"[24, 42, 12, 31, 34, 21, 44, 14, 23, 43]",24
4159,"[24, 11, 14, 31, 43]",24
4165,"[31, 34, 24, 44]",31
4167,"[23, 14, 21, 42, 11, 31, 12, 33, 34, 43, 13, 32, 41, 44]",23
4183,"[11, 34, 41, 44, 31, 23, 33, 21, 32, 42]",11
4190,"[31, 42, 14, 21, 23, 33, 43]",31
4195,"[11, 21, 42, 32, 34, 23, 33, 43]",11
4219,"[31, 21, 11, 13, 24, 34, 41, 42, 1, 12, 14, 23, 33, 44]",31
4241,"[23, 24, 21, 14, 11, 12, 32]",23
4312,"[21, 11, 14, 23, 31, 22, 34, 44, 13, 42, 12, 32, 33, 41]",21
4313,"[31, 42, 21, 44, 12, 23, 34, 13, 24, 11, 14, 22, 32, 33, 41]",31
4320,"[14, 23, 21, 42, 41, 11, 24, 13, 34, 44, 12, 33]",14
4322,"[23, 34, 44, 14, 21, 31, 41, 43]",23
4329,"[42, 23, 21, 34, 14, 22, 24, 31, 33]",42
4331,"[24, 21, 14, 23, 11, 12, 33, 42, 31, 32, 13, 34, 41, 43, 44]",24
4335,"[31, 24, 42, 23, 34, 14, 21, 33, 43, 44]",31
4345,"[11, 21, 34, 42, 12, 32, 33, 43, 13, 23, 31, 41, 44]",11
4351,"[42, 11, 31, 34, 21, 44, 12, 14, 23, 13, 33]",42
4353,"[11, 21, 32, 34, 42, 12, 31, 23, 33, 43, 44]",11
4356,"[24, 11, 21, 23, 33, 43, 44]",24
4384,"[22, 21, 23, 42, 12, 31, 11, 13, 14]",22
4413,"[33, 34, 31, 41, 44, 12, 13, 14, 22, 23, 24]",33
4426,"[21, 23, 34, 42, 12, 31, 11]",21
4428,"[23, 24, 11, 13, 21, 42]",23
4434,"[31, 23, 12, 42, 14, 21, 41]",31
4451,"[11, 42, 21, 31, 12, 23, 34, 32, 43]",11
4457,"[31, 42, 13, 21, 23, 24, 43]",31
4467,"[34, 43, 14, 23, 31, 42, 44]",34
4510,"[11, 31, 21, 34, 23, 24, 32, 42, 44, 12, 13, 33, 41, 43]",11
4512,"[23, 42, 12, 21, 31, 41, 24, 33, 44, 11, 13, 34]",23
4531,"[21, 14, 31, 42, 12, 11, 23, 41, 43, 13, 22, 24, 33, 34]",21
4538,"[31, 21, 42, 12, 14, 34, 41, 23, 24, 43, 44]",31
4542,"[21, 11, 23, 12, 14, 24, 31, 32, 34, 44, 13, 22, 42]",21
4546,"[21, 31, 11, 14, 24, 34, 23, 42, 44]",21
4555,"[21, 14, 24, 31, 11, 23, 33]",21
4559,"[12, 43, 11, 24, 34, 42, 44]",12
4565,"[11, 33, 42, 43, 44, 21, 31, 34]",11
4566,"[11, 23, 33, 32, 42, 21, 34]",11
4569,"[42, 33, 21, 11, 12, 23, 32, 34, 41]",42
4571,"[23, 41, 11, 14, 31, 21, 24, 42, 32, 33, 44, 34]",23
4572,"[23, 31, 12, 14, 21, 24, 33, 34, 41, 42, 43, 44]",23
4573,"[23, 42, 21, 14, 11, 24, 32, 33, 12, 43]",23
4574,"[31, 21, 23, 34, 41, 42, 44, 12, 33]",31
4577,"[21, 14, 11, 31, 12, 13, 23, 41, 33, 34, 42, 43]",21
4639,"[12, 21, 23, 42, 14, 11, 13, 31]",12
4665,"[34, 42, 21, 32, 44, 11, 23, 31, 33]",34
4669,"[24, 12, 23, 44, 21, 34, 13, 14, 31, 41, 43, 11]",24
4675,"[23, 32, 11, 21, 24, 31, 34, 14, 33, 42, 43]",23
4690,"[21, 11, 14, 31, 43, 23, 24, 33, 34, 44]",21
4700,"[14, 31, 11, 12, 13, 21, 1, 24, 41, 43]",14
4705,"[11, 12, 21, 23, 24, 34, 42, 44]",11
4719,"[42, 21, 23, 24, 34, 11, 31, 44, 13, 14]",42
4743,"[21, 24, 32, 43]",21
4749,"[21, 11, 31, 34, 42, 14, 23, 12, 32, 44]",21
4755,"[21, 14, 11, 12, 23, 42, 24, 31, 32, 33, 34]",21
4758,"[21, 11, 22, 12, 14, 31, 23, 33, 13, 24, 32, 34, 42]",21
4759,"[42, 21, 11, 24, 31, 34, 14, 23, 32, 44]",42
4761,"[21, 14, 34, 23, 24, 41, 11, 13, 31, 33]",21
4773,"[21, 24, 14, 31, 34, 44, 11, 33, 12, 13, 23, 42, 43]",21
4797,"[23, 31, 33, 34, 42, 21, 12, 44]",23
4811,"[42, 33, 12, 23, 31, 34, 11, 21, 24, 43]",42
4822,"[21, 12, 23, 24, 31, 42, 43, 11, 14, 22, 32, 33, 44]",21
4824,"[23, 21, 42, 11, 34, 41, 12, 13, 31, 43, 44]",23
4826,"[23, 31, 42, 14, 21, 33, 12, 22, 41, 11, 13, 24, 34, 43]",23
4829,"[42, 41, 11, 21, 33, 34]",42
4837,"[31, 23, 14, 21, 34, 41, 42, 11, 12, 33, 32, 43]",31
4849,"[31, 42, 12, 21, 33, 24, 44, 23, 41, 11, 32, 34, 43]",31
4855,"[21, 14, 12, 24, 22, 31, 44]",21
4857,"[21, 11, 31, 33, 42, 43, 12, 14, 34, 13, 24, 44]",21
4859,"[23, 11, 21, 22, 31, 42, 14, 12, 13, 41, 43, 44, 24]",23
4876,"[34, 44, 11, 21, 31, 42]",34
4878,"[23, 21, 14, 11, 24, 31, 33, 12, 13, 41, 42]",23
4883,"[23, 14, 21, 11, 44, 24, 33, 34, 43, 12, 31, 32, 42]",23
4888,"[31, 21, 33, 11, 12, 23, 32, 13, 22, 42, 14, 41, 43]",31
4909,"[31, 12, 24, 41, 21, 11, 14, 23, 42]",31
4923,"[33, 11, 21, 31, 34, 42, 13, 24, 41]",33
4957,"[23, 31, 41, 24, 34, 42]",23
4964,"[42, 21, 31, 11, 13, 14, 23, 24, 33, 34, 41, 44]",42
4989,"[21, 31, 11, 14, 23, 24, 34, 12, 42, 33, 44]",21
4998,"[11, 31, 13, 21, 22, 24, 32, 42]",11
5011,"[21, 34, 14, 31, 44, 11, 24, 23, 42]",21
5014,"[21, 23, 13, 43, 11, 14, 22, 31, 34, 42, 44]",21
5028,"[21, 11, 23, 31, 14, 42, 24, 34, 43, 12, 33, 41, 13]",21
5029,"[21, 24, 23, 11, 42]",21
5047,"[42, 11, 21, 31, 41, 13, 23, 24, 32, 33, 44]",42
5048,"[23, 41, 34, 42, 11, 21, 44, 31, 43, 14, 24]",23
5049,"[21, 31, 11, 12, 14, 23, 24, 32, 42, 43, 44]",21
5057,"[23, 14, 31, 34, 42, 43]",23
5067,"[42, 31, 21, 33, 34, 11, 12, 23, 41, 44]",42
5068,"[31, 21, 23, 11, 33, 12, 32, 41, 42, 13, 14]",31
5072,"[31, 21, 11, 42, 44, 34, 41, 12, 14, 23, 33]",31
5073,"[42, 31, 24, 21, 33, 32, 34, 41, 11, 14, 23, 44]",42
5075,"[21, 24, 14, 11, 34, 44, 12, 42, 23, 31, 32, 43]",21
5077,"[14, 23, 42, 21, 31, 12, 24]",14
5081,"[23, 42, 11, 21, 31, 12, 13, 14, 22, 24, 34]",23
5084,"[42, 31, 21, 11, 13, 41, 34, 14, 33, 43, 44, 12, 23]",42
5086,"[13, 21, 31, 33, 11, 34, 42, 14, 24, 32, 41]",13
5087,"[31, 21, 23, 41, 42, 11, 14, 12, 13, 24, 33, 34]",31
5088,"[23, 14, 11, 24, 34, 12, 13, 21, 31, 33, 41, 42, 44]",23
5090,"[21, 23, 44, 12, 34, 11, 14, 22, 24, 31, 33]",21
5097,"[31, 42, 11, 21, 23, 41, 12, 14, 32, 33, 43]",31
5105,"[34, 42, 23, 31, 24, 44, 12, 13, 21, 32, 33, 41]",34
5111,"[42, 21, 31, 12, 14, 11, 24, 33, 34, 43]",42
5119,"[33, 24, 31, 42]",33
5143,"[21, 31, 12, 23, 42, 11, 14, 24, 41, 43]",21
5152,"[31, 23, 12, 42, 24, 14, 34, 32, 33, 44]",31
5218,"[31, 42, 11, 12, 23]",31
5220,"[31, 24, 23, 42, 43, 13]",31
5228,"[13, 31, 42, 12, 14, 21, 23, 24, 11, 41, 43]",13
5240,"[21, 34, 23, 11, 12, 13, 14, 24, 31, 41, 42, 43]",21
5250,"[24, 11, 14, 21, 23, 33]",24
5254,"[21, 11, 41, 42, 23, 34, 12, 13, 14, 31, 32, 44]",21
5271,"[13, 31, 11, 42, 43, 21, 22, 23, 24]",13
5277,"[21, 12, 23, 11, 14, 22, 43]",21
5278,"[11, 22, 31, 21, 23, 14, 33, 44, 34, 42, 43, 12, 24, 41]",11
5279,"[21, 11, 23, 43, 31, 32, 12, 13, 14, 42, 24, 33, 34, 41]",21
5283,"[21, 11, 14, 31, 12, 33, 41, 13, 23, 32, 44]",21
5289,"[21, 14, 31, 11, 24, 44, 34, 41, 13, 23, 32, 42]",21
5300,"[23, 21, 11, 14, 24, 31, 33, 42]",23
5301,"[21, 11, 31, 44, 42, 23, 24, 12, 13, 14, 34, 43, 33, 41]",21
5303,"[21, 11, 24, 13, 31, 12, 14, 22, 23, 42, 44]",21
5322,"[41, 21, 42, 11, 12, 31, 34]",41
5326,"[42, 34, 12, 33, 11, 21, 23, 32, 41, 43]",42
5327,"[31, 42, 12, 21, 24, 34, 22, 23, 32, 43, 44]",31
5329,"[23, 14, 21, 22, 42, 13, 11, 12, 24, 31, 33, 34, 43, 44]",23
5339,"[41, 24, 13, 31, 44, 23, 1, 11, 12, 33, 34, 42]",41
5345,"[12, 21, 11, 23, 31, 14, 43, 13, 22, 33, 34, 32]",12
5346,"[21, 11, 31, 41, 12, 14, 23, 33, 34, 42, 44, 24, 32]",21
5359,"[21, 31, 14, 44, 11, 34, 12, 13, 23, 24, 41, 42]",21
5362,"[21, 14, 23, 11, 12, 22, 31, 43, 13, 44, 24, 34, 32, 33, 41, 42]",21
5363,"[42, 21, 12, 31, 24, 34, 41, 44]",42
5370,"[33, 43, 12, 21, 31, 42, 13, 14, 34, 41]",33
5384,"[31, 34, 12, 23, 44, 24, 42, 11, 21, 33]",31
5385,"[21, 23, 42, 31, 32, 11, 14, 24, 43]",21
5426,"[23, 14, 21, 42, 31, 24, 33, 41]",23
5431,"[21, 14, 43, 24, 23, 31, 22, 33, 41, 42, 44, 11, 13, 34]",21
5479,"[11, 21, 31, 42, 23, 34, 13, 24, 32, 14, 41, 43]",11
5519,"[23, 21, 42, 11, 13, 14, 24, 31, 33, 34, 41, 44]",23
5520,"[21, 11, 14, 23, 24, 31, 42, 22, 43]",21
5548,"[21, 14, 23, 42, 22, 11, 24, 31, 43]",21
5549,"[12, 21, 24, 31, 33, 34, 42, 44, 14, 41, 43]",12
5557,"[14, 21, 23, 34, 42, 12, 31, 24, 44]",14
5583,"[24, 21, 44, 42, 12, 31, 43, 11, 13, 14, 23, 32, 34, 41]",24
5585,"[31, 21, 41, 13, 11, 23, 24, 34, 42]",31
5593,"[11, 44, 21, 31, 24, 34, 41, 42, 14, 23, 43]",11
5596,"[42, 14, 23, 34, 21, 12, 33, 43, 31, 44]",42
5614,"[42, 21, 11, 33, 41, 31, 12, 34, 24]",42
5620,"[12, 22, 31, 13, 21, 23, 34, 43, 11, 14, 24, 42, 44]",12
5622,"[12, 21, 24, 34, 42, 44]",12
5623,"[11, 21, 42, 34, 41, 23, 31, 32, 14, 43]",11
5628,"[23, 11, 12, 32, 33, 34, 44, 24, 31, 42, 43]",23
5647,"[21, 14, 24, 31, 42, 44, 23, 34, 43, 11, 12, 13, 33, 41]",21
5663,"[23, 21, 12, 11, 22, 14, 31, 42, 43]",23
5682,"[21, 11, 12, 24, 31, 14, 32, 33, 43]",21
5690,"[11, 14, 21, 24, 12, 13, 23, 31, 34, 41, 43, 44]",11
5704,"[11, 21, 12, 14, 31, 42, 43, 23, 24, 33, 44]",11
5717,"[11, 23, 21, 31, 33, 34, 24, 42, 12, 14, 44]",11
5737,"[23, 14, 24, 34, 12, 42, 43, 44]",23
5741,"[23, 22, 21, 42, 41, 12, 24, 43, 44, 33, 31, 32, 34]",23
5750,"[23, 21, 14, 22, 31, 34, 11, 12, 41, 43, 44, 33, 42]",23
5752,"[14, 21, 22, 24, 31, 23, 42, 11, 13, 32, 34, 43]",14
5755,"[23, 21, 11, 31, 42, 14, 44, 12, 34, 24, 32, 41]",23
5759,"[13, 21, 42, 43, 44, 31, 34, 41, 11]",13
5767,"[21, 14, 13, 31, 41, 42, 44, 11, 12]",21
5781,"[42, 11, 31, 14, 21, 34]",42
5797,"[21, 11, 14, 41, 23, 24, 31, 32, 42, 43]",21
5802,"[21, 11, 34, 14, 31, 12, 42, 23, 32]",21
5819,"[41, 21, 23, 31, 42, 13, 14, 33]",41
5821,"[11, 31, 21, 44, 12, 33, 34, 42, 14, 41]",11
5824,"[12, 21, 23, 24, 34]",12
5826,"[42, 21, 11, 33, 12, 14, 23, 31, 34, 41]",42
5846,"[11, 41, 34, 42, 13, 21, 31, 44]",11
5852,"[31, 23, 24, 41, 42, 34]",31
5860,"[21, 23, 14, 24, 31, 43, 11, 12, 41, 42, 44, 13, 32, 34]",21
5861,"[21, 23, 14, 22, 31, 11, 13, 24, 34, 12, 43, 44]",21
5862,"[31, 21, 32, 34, 42, 44, 14, 23, 33, 12, 24, 41, 43]",31
5922,"[23, 31, 24, 12]",23
5957,"[11, 21, 42, 31, 23, 43, 13, 14, 33, 12, 24, 32, 34, 41]",11
5970,"[14, 21, 23, 11, 32, 24, 31, 33, 42]",14
5973,"[14, 22, 11, 21, 23, 24, 34]",14
5990,"[21, 31, 11, 12, 14, 24, 23, 34, 42, 13, 33, 44]",21
5995,"[31, 42, 33, 34, 43, 12, 13, 14, 21, 41]",31
6020,"[21, 14, 23, 11, 31, 33, 42, 43, 12, 22]",21
6021,"[43, 11, 21]",43
6022,"[11, 21, 44, 13, 31, 41, 12, 14, 23, 24, 43]",11
6057,"[11, 21, 43, 12, 13, 14, 22, 24, 42, 23, 31, 32]",11
6062,"[23, 21, 14, 11, 12, 24, 31, 32, 34, 42, 43, 44]",23
6108,"[12, 21, 31, 43, 14, 33, 41, 11, 42, 13, 24]",12
6124,"[23, 11, 21, 24, 14, 31, 32, 33, 34, 42]",23
6136,"[11, 24, 14, 23, 31, 21, 12, 13, 32, 33, 34, 42, 43]",11
6162,"[14, 21, 13, 23, 31, 41, 44, 11, 34, 24, 33, 42]",14
6184,"[23, 11, 12, 13, 14, 21, 41, 43]",23
6198,"[23, 31, 42, 11, 14, 21, 34, 13, 22, 24, 41]",23
6229,"[21, 12, 42, 34, 14, 22, 24, 43, 13, 23, 33, 41, 44]",21
6230,"[21, 14, 12, 23, 24, 43]",21
6232,"[34, 44, 21, 24, 42]",34
6242,"[11, 12, 21, 43, 23, 31, 14, 33, 42]",11
6264,"[21, 42, 41, 43, 14, 24, 31, 12, 23, 34, 11, 33, 44]",21
6314,"[21, 42, 11, 12, 43, 32, 33, 31, 34, 23, 44, 41]",21
6316,"[21, 11, 12, 42, 23, 34, 14, 31, 32, 33, 43]",21
6318,"[31, 44, 11, 13, 34, 41]",31
6322,"[21, 14, 11, 24, 12, 23, 42, 43, 31, 32, 33, 34, 41, 44]",21
6323,"[21, 42, 14, 44, 11, 12, 23, 24, 31, 41, 34]",21
6324,"[23, 14, 21, 31, 24, 11, 12, 33, 42, 43, 34, 41]",23
6327,"[11, 23, 24, 31, 32, 21, 44, 41, 42, 13, 33, 34]",11
6328,"[21, 11, 31, 12, 24, 42, 13, 23, 32, 33, 34, 41]",21
6329,"[24, 23, 12, 43, 21, 41, 44, 14, 22, 31]",24
6330,"[21, 11, 12, 42, 14, 31, 43, 13, 23, 32, 34]",21
6336,"[42, 23, 21, 31, 33, 14, 24, 34, 32, 43]",42
6338,"[42, 11, 21, 31, 34, 13, 33, 43, 12, 23, 24, 41, 44]",42
6339,"[21, 43, 12, 13, 14, 24, 23, 31, 33, 42]",21
6341,"[21, 43, 32, 34, 11, 12, 31, 33, 42, 24]",21
6443,"[23, 44, 14, 21, 31, 32, 42, 13, 33, 34, 41]",23
6497,"[42, 14, 21, 11, 23, 32, 12, 24, 43, 44, 31, 33]",42
6505,"[11, 42, 21, 23, 12, 13, 31, 34, 41, 14]",11
6506,"[21, 23, 11, 31, 14, 12, 24, 13, 22, 43, 33]",21
6507,"[21, 23, 31, 12, 34, 41, 42, 44, 22]",21
6511,"[21, 23, 11, 41, 34, 31, 42, 14, 44, 12, 32, 33, 43]",21
6512,"[23, 24, 11, 33, 34, 42, 43, 21, 31, 32, 14, 22, 41]",23
6518,"[21, 14, 31, 11, 24, 33, 42, 43, 44]",21
6528,"[21, 14, 11, 22, 31, 34, 23, 24, 32, 43, 12, 42, 44]",21
6529,"[21, 42, 11, 12, 23, 14, 24, 31, 43]",21
6536,"[23, 32, 14, 21, 42, 11, 12, 24, 31, 33, 34, 43, 44]",23
6539,"[14, 21, 34, 11, 24, 42, 12, 22, 23, 41, 43]",14
6540,"[31, 23, 34, 21, 42, 14, 33, 44]",31
6554,"[11, 23, 13, 34, 12, 14, 24, 31, 32, 33, 41, 42, 43]",11
6568,"[11, 12, 14, 21, 23]",11
6574,"[22, 24, 31, 11, 34, 44, 14, 42]",22
6621,"[43, 33, 11, 14, 21, 13, 23, 24, 31, 34, 42]",43
6622,"[21, 43, 11, 12, 31, 33, 42, 14, 23, 44, 32, 34]",21
6650,"[11, 21, 42, 31, 24, 23, 32]",11
6653,"[43, 21, 34, 33, 14, 23, 11, 24, 31, 32, 44]",43
6664,"[14, 31, 13, 22, 24, 23, 42, 44, 11, 21, 32, 34, 43]",14
6673,"[12, 43, 42, 21, 31, 11, 32, 34, 44]",12
6714,"[24, 33, 43, 11, 14, 21, 31, 42]",24
6726,"[24, 14, 11, 21, 23, 31, 42, 43]",24
6749,"[14, 21, 11, 42, 23, 31, 41, 12, 24, 33, 43]",14
6754,"[23, 21, 24, 31, 34]",23
6758,"[42, 31, 11, 21, 34, 23, 41, 14, 33, 13, 24, 43, 44]",42
6760,"[12, 21, 14, 31, 42, 43, 11, 13, 44, 22, 23, 32, 33, 34]",12
6762,"[23, 11, 31, 34, 44, 13, 24, 32, 21, 42]",23
6790,"[23, 24, 42, 33, 31, 34, 11, 14, 21, 32]",23
6791,"[21, 14, 34, 44, 11, 23, 31, 42, 43, 12, 32, 33, 41]",21
6793,"[21, 14, 11, 34, 23, 42, 24, 31, 44, 12, 43]",21
6794,"[21, 23, 14, 11, 32, 33, 12, 13, 22, 24, 31, 41, 43, 44]",21
6799,"[31, 14, 23, 21, 12, 33, 41, 42, 24, 43, 13, 44]",31
6801,"[23, 31, 34, 24, 42]",23
6802,"[21, 23, 11, 14, 42, 31, 12, 22]",21
6803,"[23, 31, 21, 42, 11, 24, 43, 12, 14, 41, 32, 34]",23
6815,"[21, 14, 24, 11, 42, 23, 31, 34, 41, 44]",21
6817,"[21, 14, 23, 12, 11, 24, 42, 31, 32, 33, 34, 43]",21
6818,"[11, 43, 13, 21, 31, 41, 14, 32, 34, 42, 44]",11
6823,"[31, 41, 11, 24, 34, 44, 13, 21, 23, 43]",31
6877,"[42, 31, 12, 14, 21, 23, 43, 11]",42
6887,"[11, 34, 43, 42, 44, 21, 23, 24, 31]",11
6889,"[21, 42, 12, 14, 24, 11, 31, 34, 41, 43, 44]",21
6897,"[11, 21, 14, 23, 31, 32, 34, 42, 44]",11
6916,"[33, 21, 42, 43, 34, 14, 24, 31, 13]",33
6920,"[23, 21, 22, 42, 24, 31, 11, 14, 32, 33, 41, 44]",23
6925,"[43, 31, 42, 13, 21, 22, 24, 33, 44]",43
6939,"[21, 12, 14, 34, 13, 11, 31, 43, 22, 23, 41, 42, 44]",21
6983,"[21, 23, 11, 14, 24, 42, 12, 43]",21
6991,"[21, 11, 31, 42, 43, 12, 23, 33, 13, 24, 34, 14, 22, 32, 41, 44]",21
7000,"[31, 34, 41, 42, 11, 12, 14, 21, 32, 43]",31
7003,"[21, 24, 31, 11, 12, 14, 23, 34, 44]",21
7004,"[21, 31, 23, 41, 42, 12, 34, 11, 33, 14, 24, 43, 44]",21
7006,"[23, 24, 31, 21, 42, 11, 12, 13, 34, 41, 44, 14, 32]",23
7007,"[24, 31, 12, 21, 23, 33, 42, 43]",24
7010,"[31, 42, 41, 13, 21, 23, 33, 34, 43, 11, 12, 14, 22, 24, 32, 44]",31
7011,"[42, 31, 11, 21, 34, 23, 33, 32, 44]",42
7014,"[21, 14, 11, 42, 24, 31, 12, 23, 33, 34, 13, 32, 43, 44]",21
7028,"[21, 14, 42, 34, 24, 31, 41, 13, 11, 23, 43]",21
7030,"[31, 41, 23, 42, 21, 11, 34, 12, 14]",31
7033,"[11, 21, 31, 12, 14, 32, 33, 42, 43, 44]",11
7038,"[11, 42, 21, 12, 14, 13, 23, 24, 31, 34, 44, 32, 33, 41]",11
7048,"[33, 23, 31, 34, 42, 14, 24, 11, 12, 13, 21]",33
7086,"[23, 24, 11, 14, 21, 42, 31, 41, 44]",23
7090,"[23, 21, 14, 22, 31, 34, 42, 44, 12, 24, 43]",23
7101,"[21, 14, 42, 33, 34, 11, 23, 12, 24, 31]",21
7138,"[43, 21, 34, 14, 42, 44, 31, 11, 23, 24, 12, 33, 41]",43
7144,"[11, 31, 21, 24, 42, 23, 41, 43, 12, 14, 33, 44]",11
7153,"[21, 14, 34, 42, 12, 43, 11, 24, 13, 22, 23, 31, 33, 41, 44]",21
7160,"[11, 23, 34, 21, 43, 12, 14, 24, 42, 44, 31, 32]",11
7188,"[12, 41, 42, 21, 24, 11, 13, 23, 31, 34, 44]",12
7268,"[14, 21, 43, 24, 12, 23]",14
7270,"[23, 24, 42, 14, 21, 31, 34, 44]",23
7310,"[21, 14, 42, 24, 34, 11, 31, 23, 33, 44]",21
7333,"[44, 12, 14, 21, 23, 41, 31, 34, 42]",44
7337,"[11, 21, 31, 42, 13, 23, 33, 41, 12, 14, 22, 24, 32]",11
7394,"[42, 21, 11, 31, 34, 44, 14, 33]",42
7398,"[23, 24, 11, 31, 42, 14, 21, 33]",23
7414,"[14, 21, 24, 23, 31, 33, 34, 42, 11, 12, 41, 43, 44]",14
7424,"[42, 21, 23, 24, 31, 34, 43, 12, 32, 41, 44]",42
7426,"[43, 24, 11, 21, 41, 12, 13, 14, 33, 34, 42, 44]",43
7437,"[21, 14, 12, 23, 24, 11, 31, 33, 34, 42, 43, 44]",21
7439,"[42, 31, 12, 43, 21, 44, 11, 23, 24, 33, 34, 41]",42
7484,"[11, 14, 21, 23, 24, 34, 33, 31, 41, 43, 44]",11
7502,"[23, 32, 33, 21, 13, 14, 31, 11, 12, 24, 41, 42, 22]",23
7525,"[24, 23, 11, 21, 42, 31, 43, 12, 33]",24
7558,"[33, 21, 11, 12, 24, 31, 42]",33
7634,"[11, 21, 24, 12, 14, 31, 42]",11
7636,"[21, 12, 24, 31, 33, 14, 32, 34, 41, 42, 43, 44]",21
7641,"[14, 21, 23, 24, 42]",14
7644,"[21, 23, 14, 12, 24, 42, 13, 41, 11, 22, 34, 43, 44]",21
7645,"[21, 23, 42, 24, 31, 14, 34, 12, 22, 43]",21
7647,"[21, 33, 11, 12, 13, 14, 22, 31, 42, 23, 24, 34, 41, 44]",21
7649,"[31, 42, 21, 32, 34, 24, 41, 44]",31
7651,"[23, 21, 12, 42, 14, 22, 34, 11, 33, 13, 41, 43]",23
7661,"[21, 11, 33, 12, 24, 31, 34, 42]",21
7670,"[21, 31, 12, 13, 34, 41, 23, 24]",21
7675,"[21, 14, 23, 11, 31, 12, 13, 24, 32, 33, 34, 41, 42, 43, 44]",21
7677,"[21, 14, 11, 24, 31, 23, 44, 32, 34, 41, 42]",21
7739,"[11, 14, 21, 23, 24, 12, 22, 31, 32, 42, 43]",11
7816,"[24, 31, 42, 43, 12, 14, 41]",24
7853,"[23, 21, 41, 12, 31, 22, 24, 42, 11, 33, 43, 44]",23
7870,"[24, 42, 12, 23, 31, 34, 44, 14, 33]",24
7872,"[42, 21, 31, 11, 14, 34, 43, 12, 33, 41]",42
7882,"[34, 21, 24, 44, 14, 23, 12, 31, 41, 42, 43]",34
7894,"[13, 41, 12, 44, 24, 31, 34, 21, 33, 42, 43]",13
7918,"[14, 21, 23, 42, 31, 24, 41]",14
7943,"[12, 43, 23, 24, 32, 34]",12
8009,"[23, 21, 11, 24, 42, 12, 14, 31, 43, 44]",23
8010,"[21, 12, 24, 11, 13, 23, 31, 41, 42, 43, 44, 14, 33, 34]",21
8012,"[42, 11, 21, 41, 33, 34, 13, 23, 32, 43]",42
8013,"[21, 42, 11, 12, 14, 31, 34, 41, 23, 33, 43, 44]",21
8015,"[21, 14, 12, 11, 23, 31, 42, 43, 13, 32, 34, 41]",21
8045,"[21, 24, 42, 11, 12, 14, 32, 33, 34, 43, 44]",21
8074,"[42, 24, 34, 14, 21, 23, 31]",42
8094,"[12, 42, 31, 43, 11, 14, 21, 24]",12
8097,"[11, 31, 42, 12, 21, 24, 34, 13, 14, 23, 33, 41]",11
8133,"[12, 21, 23, 43, 13, 24, 32, 34, 41, 11, 14, 42]",12
8249,"[11, 22, 23, 31, 42, 12, 13, 21, 14, 24, 32, 34, 43]",11
8273,"[24, 11, 31, 32, 34, 44]",24
8297,"[12, 24, 31, 42, 1, 21, 33, 43]",12
8305,"[42, 23, 12, 21, 31, 24, 14, 33, 44]",42
8350,"[34, 44, 12, 21, 24, 42]",34
8355,"[11, 21, 14, 23, 31, 42, 24, 33, 34, 44]",11
8368,"[24, 31, 11, 34, 21, 41, 42, 44, 14, 33, 43]",24
8432,"[42, 11, 21, 33, 34, 12, 23, 32, 31, 41, 44]",42
8474,"[11, 13, 31, 43, 12, 41]",11
8475,"[11, 21, 31, 14, 23, 32, 41, 42, 44]",11
8477,"[12, 13, 31, 43, 21, 23, 24, 32, 34, 41, 42, 44]",12
8482,"[11, 21, 42, 44, 12, 13, 14, 23, 31, 32, 34]",11
8498,"[11, 21, 31, 14, 33, 43, 24, 41, 42, 12, 32, 44]",11
8596,"[31, 42, 21, 43, 24, 34, 41]",31
8715,"[11, 12, 21, 14, 34, 24, 44, 23, 31, 42]",11
8720,"[24, 21, 31, 11, 12, 14, 32, 23, 42, 34]",24
8724,"[23, 21, 14, 24, 11, 34, 42, 12, 44]",23
8731,"[21, 31, 34, 11, 24, 33, 13, 14, 41, 42]",21
8783,"[43, 23, 24, 31, 33, 42, 11, 12, 32, 34, 41, 44]",43
8857,"[21, 14, 24, 31, 12, 23, 42, 11, 13, 34, 43]",21
8879,"[12, 31, 43, 24, 13, 33, 41, 21, 34, 42, 44]",12
8928,"[23, 31, 33, 21, 34, 42]",23
8944,"[34, 11, 21, 23, 44, 12, 31, 32, 33, 42]",34
8991,"[43, 31, 11, 12, 13, 21, 23, 33, 41, 44]",43
9002,"[33, 43, 23, 14, 32, 42, 11, 12, 13, 21, 31, 34]",33
9005,"[13, 31, 11, 14, 23, 42, 43, 12, 21, 41, 44]",13
9080,"[31, 11, 23, 12, 21, 33, 42, 43, 44]",31
9201,"[12, 42, 22, 24, 31, 32]",12
9219,"[12, 42, 22, 24, 31, 32]",12
9231,"[31, 43, 11, 12, 21, 23, 24, 42, 13, 22]",31
9251,"[11, 24, 14, 21, 31, 33, 34, 42, 44]",11
9264,"[12, 21, 23, 24, 34, 11, 31, 42, 43, 44]",12
9278,"[23, 42, 33, 41]",23
9365,"[21, 11, 31, 12, 41, 13, 32, 44, 23, 33, 42, 43]",21
9380,"[14, 21, 23, 24, 41, 44, 13, 31, 11, 22]",14
9381,"[21, 11, 14, 31, 12, 13, 23, 33, 42]",21
9687,"[23, 24, 31, 33, 42, 11, 14, 43]",23
9712,"[11, 44, 34, 12, 24, 31, 23, 32, 43, 13, 14, 21, 33, 42]",11
9719,"[21, 13, 24, 23, 14, 31, 34, 41, 42, 43, 44]",21
9724,"[11, 42, 21, 31, 33, 34, 12, 13, 23, 24, 14, 32]",11
9753,"[23, 21, 11, 14, 12, 42, 13, 24, 34, 41, 43, 1, 22, 31, 32, 33]",23
9773,"[21, 31, 12, 14, 34, 41, 11, 23, 33, 42, 43]",21
9774,"[23, 14, 31, 12, 21, 24, 34, 44]",23
9776,"[34, 42, 11, 21, 12, 24, 32, 41, 44, 14, 23, 31, 33]",34
9777,"[21, 24, 23, 31, 13, 41, 42, 43, 11, 33, 34]",21
9779,"[11, 12, 21, 31, 14, 24, 33, 13, 42]",11
9780,"[21, 14, 11, 12, 23, 24, 33, 42, 44]",21
9806,"[12, 21, 42, 34, 31, 14, 23, 41, 43, 44]",12
9832,"[24, 31, 41, 42, 11, 21, 23, 33, 34, 43]",24
9877,"[43, 12, 13, 11, 21, 22, 31, 32, 42]",43
9895,"[22, 21, 23, 11, 13, 12, 14, 31, 42, 24, 33, 34, 41, 43, 44]",22
10011,"[23, 42, 12, 34, 14, 24, 44]",23
10048,"[23, 14, 42, 21, 11, 24, 13, 31, 32, 34, 44]",23
10095,"[33, 42, 24, 12, 11, 21, 23, 32, 31, 41, 43, 44]",33
10144,"[21, 23, 11, 12, 14, 31, 43, 13, 41]",21
10181,"[42, 43, 12, 23, 24, 34, 44, 14, 21, 41]",42
10185,"[24, 14, 23, 11, 21]",24
10187,"[43, 31, 23, 41, 24, 42, 21, 32, 34]",43
10212,"[21, 31, 11, 13, 14, 23, 24, 41, 44]",21
10232,"[21, 31, 14, 11, 12, 23, 13, 42, 24, 33, 34, 44]",21
10269,"[12, 31, 21, 41, 43, 42, 11, 13, 23, 34, 44]",12
10293,"[42, 34, 33, 12, 21, 31, 11, 41, 23, 43]",42
10331,"[12, 11, 21, 22, 34, 42, 44]",12
10333,"[23, 14, 22, 21, 24, 42, 31, 44, 11, 33, 34]",23
10379,"[33, 23, 44, 11, 12, 14, 21, 24, 32, 34, 42]",33
10387,"[42, 31, 41, 12, 34, 11, 13, 21, 23, 33, 43]",42
10598,"[11, 43, 14, 21, 41, 13, 23, 24, 12, 31, 34, 42]",11
10712,"[42, 24]",42
10730,"[21, 11, 24, 23, 31, 42, 44, 14, 34, 32, 33]",21
10821,"[11, 14, 23, 24]",11
10857,"[34, 42, 21, 11, 31, 33, 23, 32, 44]",34
10893,"[21, 24, 31, 12, 42]",21
10894,"[21, 23, 13, 22, 41, 11, 14, 12, 31, 33, 34]",21
10911,"[21, 11, 23, 44, 31, 14, 12, 13, 33, 41, 42, 24, 32, 43]",21
10922,"[21, 12, 23, 34]",21
10928,"[21, 11, 14, 12, 13, 31, 42, 23, 33, 34, 41, 43, 32, 44]",21
10929,"[14, 23, 21, 31, 34, 12, 42, 22]",14
10938,"[21, 14, 11, 24, 23, 42, 12, 32]",21
10949,"[31, 21, 12, 14, 23, 24]",31
10957,"[31, 33, 13, 22, 24, 11, 14, 21, 23, 41, 42, 43, 44]",31
11152,"[11, 21, 23, 42, 32, 24, 31, 33, 34, 12, 14, 43, 44]",11
11290,"[21, 14, 11, 23, 31, 41, 42, 12, 24, 33, 34, 43]",21
11300,"[21, 14, 11, 23, 24, 34, 41, 42, 13, 31, 22, 44, 12]",21
11398,"[24, 21, 23, 31, 14, 41, 42]",24
11523,"[14, 31, 21, 23, 42, 22, 24, 41, 34, 44, 43]",14
11590,"[42, 43, 31, 34, 12, 33, 44]",42
11653,"[23, 13, 24, 31, 43, 21, 11, 12, 14, 32, 34, 41, 42]",23
11672,"[23, 24, 11, 34]",23
11687,"[23, 21, 11, 14, 42, 12, 13, 24, 31, 33]",23
11699,"[11, 23, 14, 21, 34, 12, 24, 43, 13, 31, 41, 42, 44]",11
11702,"[11, 21, 42, 32, 23, 43, 34, 12, 44, 24, 31, 41]",11
11734,"[33, 24, 42, 21, 23, 31, 34, 11, 12, 14, 32]",33
11792,"[42, 41, 31, 44, 12, 13, 14, 24, 34, 21, 23, 33]",42
11851,"[11, 31, 21, 33, 34, 42, 13, 23, 24, 41, 12, 22, 43]",11
11893,"[21, 31, 24, 32, 33, 34, 44]",21
11898,"[23, 24, 31, 11, 42, 12, 14, 21, 32, 33, 34, 41]",23
11899,"[14, 21, 24, 44, 11, 41]",14
11922,"[23, 11, 12, 13, 31, 41, 44, 21, 33, 34, 42]",23
11958,"[23, 24, 31, 14, 11, 13, 21, 34, 41, 42, 44]",23
11970,"[11, 21, 24, 42]",11
12013,"[31, 21, 23, 42, 11, 34, 14, 41, 33, 44, 12, 32]",31
12039,"[31, 33, 11, 34, 42, 12, 21, 24]",31
12107,"[11, 21, 43, 14, 23, 24, 12, 34, 42, 31, 32, 33, 41, 44]",11
12119,"[33, 23, 11, 21, 31, 34, 42, 12, 14, 13, 24, 43, 44, 41]",33
12151,"[23, 24, 42, 31, 14, 11, 21, 41, 33, 44]",23
12168,"[12, 21, 31, 43, 11, 24, 34, 42]",12
12183,"[24, 31, 23, 34]",24
12223,"[31, 43, 42, 23, 24, 33, 34, 41]",31
12329,"[31, 24, 32, 42]",31
12384,"[12, 21, 24, 31, 42, 14, 43]",12
12399,"[23, 31, 42, 33, 34, 11, 21]",23
12424,"[42, 11, 21, 23, 32, 31, 13, 14, 33]",42
12469,"[23, 14, 11, 21, 12, 31, 34, 13, 22, 24, 41, 44, 33, 42]",23
12663,"[23, 41, 34, 42, 24, 31, 32]",23
12682,"[14, 11, 21, 23, 24, 34, 33, 42, 44]",14
12698,"[42, 31, 21, 41, 23, 33, 11, 12, 13, 14, 24, 34]",42
12699,"[23, 14, 21, 12, 24, 11, 31, 42, 13, 33, 34]",23
12706,"[11, 21, 31, 24, 12, 13, 14, 33]",11
12723,"[21, 11, 42, 31, 34, 23, 32, 13, 22, 41, 43]",21
12854,"[23, 42, 24, 14, 31, 11, 21, 33, 34, 44]",23
12868,"[42, 23, 31, 12, 11, 14, 21, 32, 34, 41, 43]",42
12930,"[24, 31, 23, 42, 14, 21, 33]",24
12937,"[23, 21, 33, 12, 32, 11, 13, 24, 42, 43, 22, 31, 34, 14, 44]",23
13039,"[42, 11, 33, 21, 23, 24, 31, 34, 12, 44, 32]",42
13046,"[21, 14, 24, 11, 23, 31, 33, 12, 13, 22, 34, 43, 44]",21
13099,"[12, 21, 34, 33, 11, 42, 43]",12
13152,"[34, 23, 32, 44, 24]",34
13194,"[23, 11, 34, 42, 12, 21, 33, 44, 13, 14, 31, 41]",23
13353,"[42, 21, 24, 31, 12, 13, 23, 33, 43]",42
13381,"[31, 21, 23, 41, 44, 11, 12, 42]",31
13426,"[31, 23, 24, 34, 14, 33, 41, 42, 44]",31
13429,"[23, 21, 12, 13, 31, 41, 44, 11, 14, 22]",23
13433,"[23, 21, 24, 11, 13, 34, 41, 44, 42]",23
13438,"[11, 21, 42, 23, 12, 32, 33, 41, 43, 44]",11
13466,"[13, 23, 34, 33, 12, 31, 42, 14, 21, 44]",13
13541,"[11, 42, 31, 23, 24, 34, 41, 13, 14, 21, 33, 44]",11
13556,"[34, 42, 12, 14, 21, 33, 23, 44, 11, 31, 41, 43]",34
13570,"[34, 43, 31, 41, 13, 14, 21, 23]",34
13630,"[33, 31, 42, 12, 13, 23, 24, 41]",33
13663,"[21, 33, 31, 11, 22, 23, 34, 12, 24, 42, 43, 44]",21
13678,"[23, 24, 11, 21, 42, 31, 12, 32, 33, 41, 13, 14, 43]",23
13723,"[12, 42, 24]",12
13729,"[42, 11, 21, 13, 14, 31, 23, 24, 34, 43, 44]",42
13735,"[11, 21, 34, 23, 42, 12, 44, 13, 31, 32, 41]",11
13767,"[23, 34, 42, 21, 44, 14, 31, 33, 22, 24]",23
13793,"[11, 42, 23, 41, 21, 24, 13, 31, 34]",11
13940,"[23, 21, 22, 24, 11]",23
13980,"[24, 11, 23, 21, 42, 32, 33, 43]",24
13999,"[42, 11, 21, 31, 14, 23, 34, 24, 32, 33, 44]",42
14017,"[23, 11, 21, 24, 14, 34, 42]",23
14156,"[23, 11, 21, 31, 34, 42, 44]",23
14220,"[11, 21, 23, 14, 34, 31, 33, 13, 42, 44, 24, 32, 43]",11
14251,"[11, 13, 23, 34, 21, 41, 42, 43, 44]",11
14463,"[11, 23, 42, 21, 32, 24, 31, 33, 34]",11
14465,"[11, 23, 24, 44, 21, 13, 34, 32, 33]",11
14525,"[42, 11, 21, 31, 34, 23, 33, 12, 41, 14, 24, 32, 44]",42
14768,"[43, 31, 41, 24, 42, 11, 13, 21, 34, 44]",43
14879,"[12, 23, 21, 31, 42, 11, 14, 43, 13, 24, 33, 32, 34, 41]",12
14914,"[23, 33, 34, 31, 41, 13, 42]",23
14918,"[11, 13, 21, 31, 23, 42, 14, 24, 33, 34, 41, 43, 44]",11
14947,"[33, 13, 41, 42, 11, 12, 21, 23, 43, 44]",33
14961,"[23, 21, 24, 31, 33, 34, 42, 12, 14, 44]",23
14963,"[21, 24, 13, 14, 23, 31, 34, 41, 43]",21
14964,"[41, 11, 12, 21, 43, 13, 23, 31, 34, 42, 44]",41
14967,"[23, 44, 12, 21, 11, 42, 14, 24, 31]",23
14974,"[11, 31, 21, 43, 14, 23, 42, 44]",11
14987,"[21, 12, 14, 23, 24, 33]",21
15042,"[21, 42, 31, 23, 34, 41]",21
15049,"[11, 21, 31, 24, 14, 23, 32, 42, 12, 33]",11
15136,"[12, 42, 43, 24, 21, 33, 34]",12
15155,"[12, 24, 42, 1, 14]",12
15263,"[34, 12, 21, 24, 31, 33, 11, 41, 42, 43, 44]",34
15280,"[21, 12, 14, 24, 31, 41, 44, 11, 13, 34, 42]",21
15390,"[32, 34, 44, 11, 12, 33, 21, 23, 31]",32
15418,"[21, 24, 42, 31, 11, 34, 12, 14, 23, 44]",21
15504,"[43, 12, 33, 13, 21, 23, 34, 41, 42, 44]",43
15532,"[24, 11, 14, 21, 23]",24
15635,"[21, 14, 41, 12, 43]",21
15650,"[42, 12, 31, 33, 43, 23, 24, 34]",42
15675,"[23, 21, 31, 42, 11, 14, 12, 13, 24, 22, 32]",23
15716,"[42, 11, 33, 24, 34, 44, 21, 23, 41, 43]",42
15725,"[24, 21, 34, 43, 12, 31, 33, 44]",24
15805,"[31, 24, 32, 34, 42, 43, 11, 12, 21, 33, 44]",31
15870,"[31, 41, 23, 21, 33, 34, 42, 11, 24, 12, 22, 32, 44]",31
15980,"[11, 23, 32, 21, 24, 33]",11
16017,"[24, 31, 34, 42, 12, 33, 44, 14, 23, 41, 21, 32, 43]",24
16174,"[21, 33, 43, 31, 42, 12, 14, 23, 32, 41]",21
16309,"[42, 12, 21, 31, 22, 14, 23, 32]",42
16310,"[21, 42, 11, 34, 14, 31, 33, 12, 23, 24, 32, 41, 44]",21
16374,"[23, 24, 33, 34, 12, 42, 14, 41, 31, 11, 21, 43]",23
16379,"[34, 11, 24, 33, 42, 44, 13, 14, 21, 23, 32]",34
16442,"[11, 21, 13, 23, 31, 24, 33, 41, 12, 14, 32, 42]",11
16527,"[23, 12, 11, 24, 32, 43]",23
16535,"[31, 41, 11, 42, 44, 21, 23, 32, 34, 24, 43, 12, 13]",31
16536,"[23, 32, 42, 31, 33, 12, 14, 21, 24, 34, 41]",23
16559,"[24, 11, 21, 31, 14, 23, 34, 42]",24
16654,"[31, 13, 21, 32, 11, 12, 33, 41, 43, 44]",31
16672,"[23, 24, 11, 31, 42, 14, 21, 34, 41, 32, 43]",23
16728,"[34, 24, 44, 11, 14, 21, 31, 42]",34
16769,"[23, 24, 11, 21, 34, 12, 13, 14, 31, 32, 33, 42, 43]",23
16794,"[21, 34, 24, 44, 11, 14, 23, 42]",21
16827,"[21, 23, 11, 14, 24, 42, 13, 32, 34]",21
16830,"[12, 34, 42, 21, 23, 44, 31, 43, 32, 33]",12
16869,"[11, 23, 42, 32, 31, 12, 24, 41]",11
16927,"[11, 21, 23, 14, 24, 42, 32, 34, 13, 31, 41, 43]",11
16958,"[42, 23, 33, 34, 24, 21, 11, 13, 31, 12, 14, 32, 44]",42
17196,"[23, 21, 11, 14, 44, 22, 31]",23
17202,"[11, 21, 42, 31, 23, 24, 33, 12, 34]",11
17315,"[11, 21, 41, 42, 12, 31, 34, 13, 23, 44, 14, 32]",11
17358,"[43, 12, 11, 21, 13, 14, 23, 33, 34, 44, 31, 32, 42]",43
17426,"[12, 24, 31, 11, 14, 21, 42]",12
17480,"[11, 31, 42, 12, 14, 22, 23, 34]",11
17482,"[23, 33, 24, 42, 31, 34, 14, 21, 41, 44, 11, 32]",23
17483,"[34, 24, 23, 11, 14]",34
17485,"[23, 11, 21, 31, 41, 42, 14, 24, 43, 44, 12, 32, 34]",23
17488,"[24, 31, 33, 34, 42, 11, 14, 32, 41]",24
17497,"[23, 21, 24, 31, 11, 14, 41, 42]",23
17508,"[24, 42, 21, 23, 33]",24
17510,"[23, 24, 42, 14, 31, 33, 41, 34, 44, 21, 11, 12, 13, 32, 43]",23
17547,"[21, 31, 11, 14, 13, 33, 41, 12, 34, 43, 42, 23, 24, 44]",21
17652,"[24, 42, 23, 34, 31, 44]",24
17692,"[31, 41, 34, 21, 23, 24, 42, 44, 11, 33]",31
17720,"[41, 43, 11, 12, 23, 24, 31, 33, 34, 44]",41
17894,"[23, 24, 32, 11, 13, 14, 21, 31, 33, 34, 41, 42, 43]",23
17916,"[11, 21, 23, 42, 31, 33, 34, 44, 12, 14, 13, 32, 41]",11
17947,"[23, 11, 21, 24, 31, 42]",23
17973,"[11, 21, 23, 42, 24, 31, 34, 44, 33, 41, 12, 14, 32]",11
17976,"[11, 23, 32, 21, 42, 44, 14, 31, 34]",11
18021,"[23, 42, 21, 34, 44, 11, 33, 32]",23
18034,"[21, 11, 14, 23, 42, 33, 34, 13, 31, 32, 41, 43, 12, 24, 44]",21
18137,"[11, 34, 42, 21, 23, 31]",11
18143,"[23, 24, 14, 21, 42, 31, 43, 12, 33, 44]",23
18150,"[11, 21, 31, 33, 34, 41, 42, 44, 12, 14, 23, 24]",11
18178,"[21, 14, 43, 33, 23, 34, 42, 11, 12, 13, 31, 41, 44]",21
18226,"[24, 21, 31, 42, 43, 14]",24
18256,"[11, 21, 31, 34, 42, 23, 33, 12, 14]",11
18324,"[21, 11, 32, 12, 34, 42, 23]",21
18325,"[42, 21, 11, 31, 24, 32, 34, 12, 23, 33, 41]",42
18362,"[12, 21, 23, 31, 42, 43, 32, 24, 11, 14, 33, 34]",12
18381,"[24, 42, 31, 32, 33]",24
18393,"[11, 23, 42, 12, 21, 31, 32, 14, 33, 34, 41, 44]",11
18395,"[31, 13, 24, 43, 44, 12, 21, 23, 34, 41, 11, 14, 22]",31
18404,"[21, 31, 12, 33]",21
18446,"[21, 31, 11, 24, 43, 34, 42, 23, 32, 33, 44]",21
18493,"[31, 42, 23, 41, 21, 34, 44, 12, 14, 24, 32, 33, 43]",31
18508,"[31, 24, 14, 21, 23, 34, 42]",31
18536,"[31, 42, 11, 21, 23, 24, 13, 33, 41]",31
18577,"[12, 21, 43, 11, 42, 44]",12
18634,"[31, 41, 13, 21, 23, 24, 44, 12, 22, 33, 43]",31
18739,"[21, 11, 23, 31, 24, 42, 43, 14, 12, 13, 32, 33, 41]",21
18768,"[13, 24, 42]",13
18770,"[24, 44, 1, 12, 31, 34]",24
18775,"[21, 14, 34, 44, 12, 43, 11, 31, 23, 24, 33, 41, 32, 42]",21
18833,"[21, 42, 31, 11, 12, 33, 43, 44, 23, 24, 34, 41]",21
18834,"[42, 21, 34, 44, 11, 23, 31, 33, 14, 24]",42
18857,"[42, 12, 31, 21, 43, 34, 11, 32]",42
18873,"[31, 42, 21, 23, 14, 33, 24, 34, 41, 43, 44, 11, 12, 13, 32]",31
18888,"[23, 21, 31, 14, 42, 12, 33, 41, 11, 13, 24, 34, 43, 44]",23
18910,"[12, 44, 21, 42, 14, 24, 34, 11, 23, 41]",12
18956,"[14, 21, 11, 23, 24, 31, 13, 41]",14
19020,"[31, 42, 23, 24, 41, 11, 21, 33, 34, 44]",31
19037,"[31, 12, 21, 34, 42, 41, 24, 32]",31
19045,"[21, 42, 24, 34, 11, 31, 41, 43]",21
19046,"[12, 42, 21, 31, 43, 11, 14, 24]",12
19061,"[23, 11, 14, 31, 21, 24, 12, 13, 22, 33, 34, 42, 43]",23
19068,"[31, 23, 41, 21, 42, 33, 11, 12, 32, 34, 44]",31
19078,"[42, 33, 34, 11, 21, 31, 41, 23]",42
19096,"[21, 31, 24, 11, 14, 41, 34, 44, 13]",21
19138,"[23, 31, 33, 41, 11, 13, 21, 24, 42, 44]",23
19170,"[42, 34, 31, 43, 23, 41, 44]",42
19172,"[21, 14, 11, 12, 23, 31, 32, 33, 13, 24, 42]",21
19175,"[43, 11, 34, 42, 13, 21, 23, 24, 31, 41]",43
19196,"[11, 14, 21, 24, 23, 31, 32, 1, 12, 13, 42]",11
19202,"[21, 14, 24, 11, 23, 31, 43, 33, 22, 42]",21
19206,"[11, 21, 23, 12, 24, 34, 42, 14, 32, 33, 31, 44]",11
19214,"[21, 33, 34, 42, 11, 41, 31, 14, 23, 24, 44, 12, 43]",21
19234,"[12, 11, 21, 33, 42]",12
19235,"[11, 23, 21, 24, 31, 34, 42, 12, 44, 14, 33, 41, 32]",11
19252,"[43, 21, 34, 31, 42, 44, 11, 24, 33, 12, 23]",43
19275,"[23, 11, 24, 21, 14, 34, 42, 32, 13, 31]",23
19288,"[21, 12, 14, 11, 23, 24, 31, 42, 43, 33, 41, 44]",21
19321,"[24, 23, 21, 31, 14, 42, 43, 34, 41]",24
19323,"[11, 23, 21, 31, 42, 14, 12, 24, 32, 34, 22, 33]",11
19357,"[33, 31, 23, 13, 11, 43, 34, 42, 12, 21, 24, 41]",33
19362,"[24, 31, 23, 41, 42, 43, 21, 33, 34, 44]",24
19418,"[23, 11, 24, 42, 21, 34, 41, 14, 31]",23
19419,"[23, 24, 31, 42, 21, 11, 34, 44]",23
19426,"[11, 24, 31, 34, 44, 12, 21, 23, 43]",11
19495,"[21, 23, 24, 42, 14, 31, 33, 11, 22, 41, 44, 12, 13, 32, 34]",21
19526,"[21, 22, 31, 23, 14, 41, 44, 33, 42, 11, 12, 43]",21
19533,"[21, 11, 14, 23, 34, 12, 31, 32, 42, 44, 43]",21
19538,"[32, 23, 13, 31, 11, 24, 42, 21, 41, 43]",32
19551,"[24, 11, 21, 23, 31, 42, 34, 33, 12, 14, 41, 44]",24
19561,"[11, 31, 21, 41, 12, 23, 42, 43, 13, 24, 34, 44]",11
19604,"[12, 21, 24, 31, 11, 33, 41, 42]",12
19625,"[14, 21, 42, 41, 44, 23, 24, 31, 34, 11, 12]",14
19643,"[21, 11, 42, 24, 31, 14, 23, 32]",21
19687,"[42, 21, 23, 11, 24, 31, 41]",42
19738,"[21, 34, 14, 24, 31, 42, 44, 11, 32, 33]",21
19802,"[42, 11, 31, 33, 41, 44, 14, 23, 24]",42
19803,"[21, 12, 42, 24, 14, 31, 34, 43, 33, 44]",21
19822,"[31, 42, 23, 11, 21, 12, 34, 14, 24, 13, 44]",31
19839,"[24, 23, 21, 42, 11, 14, 31, 33]",24
19861,"[14, 21, 23, 11, 12, 31, 42, 13, 24, 32, 41, 43]",14
19922,"[42, 12, 31, 21, 23, 24, 34, 43]",42
19939,"[42, 11, 21, 41, 31, 43, 12, 13, 14, 23, 24, 33, 34]",42
19977,"[23, 24, 14]",23
20039,"[24, 31, 21, 32, 42, 11, 12, 34, 44]",24
20052,"[11, 24]",11
20062,"[23, 24, 14, 11, 21, 33, 34, 44]",23
20166,"[23, 24, 31, 34, 21, 33, 42, 43]",23
20193,"[43, 24, 42, 23, 34, 12, 21, 33, 41, 44]",43
20218,"[23, 11, 24, 21, 44, 31, 42, 34, 41, 43]",23
20228,"[21, 24, 12, 34, 23, 31, 33, 42]",21
20373,"[12, 33, 42]",12
20514,"[42, 12, 14, 21, 23, 34, 31, 11, 24, 44]",42
20515,"[21, 11, 14, 23, 31, 42, 44, 13, 24, 41]",21
20563,"[21, 31]",21
20575,"[11, 13, 23, 24, 33, 41, 12, 14, 31, 42, 32, 34, 43]",11
20668,"[23, 11, 31, 24, 41, 13, 21, 42, 33, 44]",23
20690,"[42, 24, 44, 11, 12, 21, 31, 33, 34, 41]",42
20737,"[11, 21, 31, 34, 12, 42, 14, 44, 23, 32, 33]",11
20804,"[31, 42, 11, 23, 24, 21, 32, 34]",31
20869,"[14, 21, 31, 34, 42, 43, 11, 24]",14
20872,"[12, 42, 21, 24, 32, 33, 34, 43]",12
20964,"[11, 21, 24, 34]",11
21007,"[23, 42, 11, 14, 21]",23
21021,"[42, 11, 21, 31, 34, 41, 12, 13, 44, 23, 24, 33, 43]",42
21040,"[33, 34, 42, 12, 23, 31, 32]",33
21064,"[23, 44, 31, 21, 14, 41, 12, 24, 34]",23
21080,"[21, 14, 11, 12, 42, 23, 22, 31, 24]",21
21130,"[21, 33, 42, 43]",21
21167,"[33, 43, 21, 11, 14, 23, 24, 31, 34, 42]",33
21223,"[23, 24, 42, 31, 34, 11, 14, 21, 44, 43, 12, 33]",23
21270,"[13, 24, 42]",13
21317,"[14, 21, 23, 12, 13, 22, 24, 32, 34, 41]",14
21328,"[21, 23, 44, 11, 14, 31, 12, 13, 34, 41, 43]",21
21336,"[21, 11, 14, 42, 23, 31, 34, 12, 24, 43, 44]",21
21423,"[31, 11, 23, 33, 42, 21, 24, 34, 41, 44]",31
21724,"[11, 42, 21, 34, 23, 14, 31, 12, 24, 32, 33]",11
21742,"[23, 42, 11, 21, 12, 31, 33, 34, 43]",23
21759,"[11, 24, 21, 31, 43]",11
21850,"[23, 11, 21, 24, 31, 42]",23
21892,"[34, 21, 41, 11, 13, 33, 43, 44]",34
21901,"[23, 13, 31, 22, 42, 43]",23
21911,"[11, 21, 14, 32, 33, 13, 23, 31, 12, 24, 41, 42, 43]",11
21953,"[23, 34, 42, 33, 11, 21, 14, 31, 44, 12, 13, 43]",23
21974,"[12, 31, 21, 13, 22, 42, 1, 41, 43]",12
21994,"[21, 24, 14, 33, 11, 31, 43, 23, 42, 12, 13, 22]",21
22100,"[24, 21, 31, 11, 34, 41, 44, 32, 42]",24
22103,"[21, 11, 31, 23, 12, 14, 24, 44]",21
22124,"[12, 42, 21, 31, 33, 43]",12
22150,"[34, 12, 23, 44, 14, 21, 24, 33, 41, 42]",34
22152,"[41, 31, 23, 12, 21, 42, 11]",41
22189,"[23, 24, 11, 14, 34, 44, 32, 33, 42]",23
22209,"[42, 23, 31, 12, 21, 24, 33, 34, 44, 11, 14, 43]",42
22233,"[24, 21, 33, 43, 44]",24
22492,"[41, 13, 42, 12, 23, 31, 34, 43]",41
22503,"[14, 21, 23, 31, 24, 41, 43, 44, 1, 12, 13, 34, 42]",14
22516,"[42, 23, 33, 34, 31, 44, 21, 11]",42
22525,"[21, 14, 12, 23, 31, 13, 43, 44, 11, 24, 33]",21
22567,"[24, 34, 23, 33, 21, 42, 44]",24
22588,"[24, 23, 13, 21, 31, 11, 22, 14, 33, 41, 42]",24
22648,"[11, 21, 41, 42, 31, 12, 23, 34, 32, 13, 43, 44]",11
22652,"[23, 11, 21, 24, 33, 31, 42, 13, 12, 14, 34, 44]",23
22661,"[31, 42, 41, 23, 33, 43]",31
22665,"[41, 44, 23, 31, 14, 13, 21, 42, 12, 34, 43]",41
22690,"[21, 24, 12, 13, 31, 34, 41, 14, 23, 42, 43]",21
22789,"[21, 11, 31, 32, 14, 24, 42, 23, 41, 44]",21
22852,"[33, 43, 42, 21, 24, 34, 23, 31, 12, 41, 44]",33
22897,"[23, 11, 21, 24, 32, 31, 42, 33, 34, 41, 13, 12, 14, 44]",23
22901,"[31, 41, 21, 42, 44, 34, 12, 13, 14, 23, 32]",31
22987,"[23, 31, 33, 21, 24, 42, 11, 12, 41, 14, 32, 34]",23
22994,"[14, 24, 31, 34, 11, 13, 21, 22, 23, 32, 44]",14
23055,"[12, 21, 42, 11, 14, 23, 31, 33]",12
23057,"[13, 31, 41, 11, 42, 43, 44]",13
23084,"[21, 42, 24, 43, 23, 31, 11, 34, 44]",21
23144,"[23, 11, 42, 24, 31, 41, 13, 14, 21]",23
23153,"[24, 23, 11, 21, 31, 32, 33, 42, 34]",24
23157,"[13, 12, 31, 41, 42, 22, 23, 43, 14, 21, 24, 33, 44]",13
23177,"[34, 41, 42, 44, 11, 21, 31, 32, 33]",34
23180,"[42, 12, 11, 21, 43, 23, 32, 31, 33, 34, 41, 44]",42
23255,"[21, 11, 12, 22, 42, 14, 23, 31, 24, 34, 44]",21
23322,"[13, 31, 41, 14, 22, 33, 34]",13
23329,"[31, 11, 21, 42, 33, 34, 44, 13, 22, 24]",31
23351,"[22, 21, 23, 31, 14, 11, 13, 24, 42, 43]",22
23352,"[42, 11, 21, 23, 31, 32, 34]",42
23370,"[23, 14, 34, 42, 21, 32, 44, 24, 33, 43]",23
23485,"[11, 21, 23, 24, 14, 43, 12, 13, 31, 33, 41]",11
23540,"[12, 34, 42, 24, 31, 32, 33, 44, 21, 23]",12
23553,"[21, 31, 11, 23, 24, 34, 42, 14, 41, 43, 32, 33, 44]",21
23572,"[23, 31, 33, 21, 42, 11, 14, 12, 13, 32, 34, 41]",23
23641,"[11, 12, 21, 43]",11
23712,"[13, 31, 43, 14, 41, 11, 12, 23, 24, 33, 34]",13
23742,"[34, 21, 24, 31, 44, 22, 42, 43]",34
23772,"[23, 11, 32, 21, 41, 14, 31, 42, 13, 44, 24, 34, 43]",23
23802,"[31, 24, 42, 21, 33, 34, 41, 44]",31
23807,"[12, 11, 14, 23, 43, 24, 41]",12
23812,"[33, 34, 42, 12, 14, 21, 31, 11, 24, 32, 41]",33
23823,"[24, 31, 42, 23, 34, 21, 44, 11, 12, 32, 33, 41]",24
23913,"[31, 43, 12, 42, 21, 24, 32, 33, 23, 34, 44]",31
23937,"[11, 21, 24, 12, 31, 42, 43, 34]",11
24107,"[31, 32, 34, 21, 11, 24, 33, 12, 14, 23, 41, 42, 44]",31
24165,"[31, 23, 24, 43, 21, 34, 14, 22, 12, 33, 42, 44]",31
24254,"[23, 31, 24, 42, 21, 33, 34, 11, 43]",23
24262,"[21, 14, 11, 42, 23, 34, 41, 24, 31, 44]",21
24276,[43],43
24279,"[12, 13, 41, 21, 22, 31, 34, 42]",12
24318,"[24, 21, 23, 11, 14, 31, 42]",24
24355,"[24, 23, 31, 21, 42, 11, 14]",24
24385,"[23, 11, 24, 14, 21, 32, 31, 41, 42, 44]",23
24439,"[23, 14, 11, 21, 34, 42, 24, 31, 33, 12]",23
24448,"[11, 21, 23, 31, 42, 43, 44, 14]",11
24463,"[14, 21, 23, 11, 12, 24, 31, 32, 41, 42, 43]",14
24468,"[31, 11, 13, 34, 41, 22, 24, 33, 42, 43, 44]",31
24481,"[12, 14, 24, 11, 21, 31, 32, 43]",12
24615,"[23, 31, 42, 34, 32, 44]",23
24623,"[11, 21, 42, 31, 34, 23, 12, 13, 14, 41, 43, 44]",11
24630,"[31, 21, 34, 14, 32, 23, 42, 44, 24, 33, 41]",31
24639,"[21, 31, 34, 43, 12, 14, 23, 24, 32, 33, 42, 11, 41, 44]",21
24641,"[31, 34, 42, 41, 21, 24, 14, 32, 33, 43]",31
24705,"[11, 34, 23, 31, 33, 42, 32, 44, 21, 14, 24]",11
24741,"[23, 11, 24, 31, 34]",23
24793,"[24, 31, 23, 11, 14, 21]",24
24839,"[11, 14, 21, 23, 31, 32]",11
24845,"[12, 44, 14, 41, 11, 13, 21, 33, 34, 31, 42, 43]",12
24866,"[11, 31, 44, 23, 24, 34, 42, 13, 14, 21, 33, 41, 43, 22]",11
24872,"[23, 31, 32, 41, 11, 21, 12, 42, 33, 44, 14, 24, 34, 43]",23
24921,"[24, 13, 44, 21, 31, 11, 22, 34, 41, 42]",24
24927,"[14, 42, 21, 24, 23, 11, 31, 34, 44, 12, 22, 32, 33, 41, 43]",14
24957,"[13, 41, 44, 11, 21, 23, 14, 31, 32, 34, 42]",13
24964,"[23, 11, 21, 31, 34, 14, 32, 24, 42, 12, 33, 41]",23
25003,"[21, 11, 31, 34, 33, 12, 14, 44]",21
25052,"[24, 43, 21, 23, 31, 34, 11, 33, 42]",24
25069,"[21, 23, 32, 11, 41, 42, 24, 31, 34, 12, 14, 44]",21
25122,"[21, 23, 24, 11, 14, 12, 13, 31, 33, 41, 42, 43]",21
25195,"[23, 33, 11, 24, 21, 42, 13, 31, 32, 34, 41, 44]",23
25242,"[23, 21, 31, 33, 11, 24, 12, 13, 14, 32, 41, 42, 43]",23
25266,"[21, 14, 11, 31, 24, 42, 12, 13, 22, 23, 43, 34, 44]",21
25288,"[11, 21, 42, 12, 31, 13, 23, 34]",11
25390,"[21, 31, 12, 11, 24, 33, 14, 34, 41, 42, 43]",21
25427,"[42, 31, 11, 21, 23, 12, 33, 13, 32, 34, 41, 43, 44]",42
25449,"[21, 12, 13, 24, 34, 14, 23, 41, 44]",21
25478,"[21, 11, 13, 24, 44, 23, 31, 41, 42, 14, 22, 33, 34, 43]",21
25570,"[23, 21, 22, 24, 14, 42, 43, 31, 34, 12, 33, 41]",23
25596,"[24, 43]",24
25663,"[34, 44, 11, 31, 42]",34
25717,"[24, 21, 31, 42, 12, 14, 23, 43, 11, 33, 34]",24
25754,"[21, 14, 11, 12, 31, 34, 42, 23, 43, 24, 32, 33, 44]",21
25759,"[24, 23, 21, 11, 34, 12, 31, 33, 42]",24
25817,"[21, 11, 24, 14, 23, 22, 31]",21
25821,"[23, 34, 42, 11, 31, 14, 44, 32, 41, 21, 43]",23
25953,"[23, 31, 34, 44]",23
26013,"[12, 31, 32, 33, 34, 42, 43]",12
26032,"[21, 43, 14, 23, 24, 33, 34, 42, 44, 12]",21
26109,"[11, 21, 31, 42, 23, 32, 33, 24, 34]",11
26151,"[23, 13, 41, 11, 12, 21, 31, 33, 34, 43, 44]",23
26175,"[24, 42, 21, 23, 34, 11, 31, 13, 14, 32, 33, 41]",24
26226,"[31, 33, 42, 43, 23, 32, 11, 13, 22]",31
26255,"[23, 11, 21, 24, 31, 33, 34, 42]",23
26361,"[21, 13, 31, 41, 11, 22, 23, 14, 34, 42, 12, 24, 32, 43, 44]",21
26379,"[21, 14, 22, 31, 32, 33, 34, 44, 11, 12, 13, 23, 24, 42, 43]",21
26387,"[21, 34, 12, 13, 14, 41, 44, 23, 24, 42, 43]",21
26396,"[41, 42, 14, 21, 24, 43, 12, 23]",41
26399,"[31, 42, 21, 11, 12, 41, 23, 33]",31
26403,"[21, 34, 43, 14, 13, 41, 44, 12, 23, 24, 33, 42]",21
26423,"[11, 23, 32, 34, 42, 21, 31, 12, 24, 33, 41, 43]",11
26457,"[31, 42, 12, 13, 43, 11, 21, 22, 24, 33, 34, 41]",31
26480,"[11, 42, 21, 31, 41, 12, 33, 34, 23, 32]",11
26520,"[43, 12, 24, 31, 41]",43
26584,"[23, 24, 31, 21, 12, 42, 14, 32, 33]",23
26596,"[42, 31, 23, 11, 21, 32, 33]",42
26622,"[14, 44, 34, 42, 43, 12, 31, 32]",14
26661,"[11, 21, 34, 14, 31, 42, 23, 33, 43, 32, 44]",11
26663,"[23, 44, 13, 12, 21, 24, 41, 42, 43]",23
26689,"[21, 11, 12, 31, 14, 42, 43, 23, 32, 33, 34]",21
26692,"[31, 21, 41, 23, 12, 42, 14, 24, 33, 22, 32, 34, 44]",31
26697,"[21, 43, 11, 12, 23, 31, 13, 32, 14, 34, 41, 42, 24, 33, 44]",21
26761,"[21, 23, 12, 14, 31, 24, 42, 44]",21
26789,"[42, 31, 34, 11, 21, 24, 33, 44]",42
26792,"[23, 41, 14, 21, 32]",23
26796,"[21, 11, 42, 23, 24, 22, 33, 34, 12, 31, 32, 44]",21
26806,"[21, 23, 12, 14, 24, 42, 43, 31, 34, 41]",21
26811,"[31, 21, 34, 42, 24, 33]",31
26888,"[21, 14, 23, 24, 31, 11, 13, 41]",21
26890,"[41, 31, 34, 42, 23, 33, 43, 44, 13, 14, 21, 32]",41
26957,"[33, 42, 23, 14, 21, 24, 31, 34, 43, 12, 13, 32, 44]",33
26969,"[21, 14, 23, 24, 11, 42, 31, 34, 44]",21
26978,"[21, 11, 41, 31, 14, 34, 13, 23, 32, 42, 44, 12, 33]",21
26981,"[21, 14, 11, 23, 42, 24, 31, 12, 41]",21
26985,"[43, 31, 24, 11, 14, 21, 23, 32, 34]",43
26993,"[23, 24, 31, 13, 41, 14, 42, 44]",23
27127,"[23, 11, 31, 42, 44, 33, 34, 21, 32]",23
27149,"[31, 23, 24, 42, 21, 34, 11, 12, 22, 33, 14, 43]",31
27192,"[23, 24, 42, 14, 41, 11, 21, 33, 34, 44]",23
27221,"[21, 31, 11, 12, 14, 42, 43, 23, 41]",21
27239,"[43, 11, 14, 21, 31, 13, 22, 24, 32, 33, 34, 44]",43
27243,"[33, 12, 23, 24, 32, 34, 42, 43]",33
27300,"[31, 33, 23, 34, 11, 12, 21, 32, 42, 43]",31
27305,"[12, 42, 21, 23, 11, 34, 14, 31, 32, 43]",12
27323,"[11, 23, 24, 42, 31, 44, 34, 13, 14, 21, 43, 12, 32, 41]",11
27348,"[13, 31, 42, 11, 21, 34, 12, 33, 23, 44]",13
27380,"[42, 12, 34, 11, 24, 31, 32]",42
27403,"[23, 21, 31, 14, 43, 44, 11, 13, 33, 34, 41]",23
27447,"[21, 31, 34, 11, 42, 23, 14, 32, 33, 44, 12]",21
27448,"[23, 31, 42, 13, 34, 41, 43, 33, 44, 11, 24]",23
27549,"[11, 21, 14, 24, 31, 42, 43, 44, 12, 13, 33, 34, 41]",11
27575,"[24, 23, 21, 12, 14, 31, 33, 41, 42]",24
27623,"[24, 21]",24
27649,"[14, 21, 11, 43, 24, 31, 41, 12, 13, 23, 34, 42, 44]",14
27670,"[11, 22]",11
27704,"[23, 42, 31, 14, 24]",23
27734,"[11, 42, 21, 23, 31, 34, 32, 44, 12, 13, 14, 24, 33]",11
27737,"[33, 21, 24, 42, 11, 31, 23, 34, 12, 41]",33
27747,"[21, 34, 11, 14, 23, 32, 44]",21
27793,"[23, 34, 24, 33, 14, 21, 12, 31, 41, 43, 44]",23
27844,"[23, 21, 24, 34, 43, 14, 22, 32, 44, 11, 12, 31, 42]",23
27848,"[23, 21, 31, 34, 42, 12, 14, 33, 44, 11, 22]",23
27849,"[24, 23, 31, 11, 34, 14, 32, 33, 41, 43, 44]",24
27872,"[23, 21, 14, 11, 13, 24, 31, 42, 33, 41, 43]",23
27878,"[31, 11, 24, 43, 13, 44, 21, 23, 32, 34, 42]",31
27924,"[24, 42, 31, 14, 23, 32, 34, 41]",24
27937,"[31, 24, 42, 34, 14, 41]",31
27945,"[42, 31, 21, 12, 32, 43, 11, 14, 24, 33, 34]",42
27951,"[21, 14, 43, 12, 42, 31, 33, 44, 11, 24, 32]",21
27974,"[24, 23, 31, 42, 43, 12, 14, 33]",24
27980,"[12, 42, 21, 31, 41, 11]",12
28115,"[34, 42, 31, 12, 23, 32, 43, 44]",34
28127,"[24, 31, 42, 43, 11, 14, 21, 23, 34, 41, 44]",24
28152,"[21, 11, 42, 14, 22, 23, 24, 31, 32]",21
28251,"[31, 32, 13, 14, 22, 21, 23, 33, 34, 42]",31
28360,"[23, 42, 24, 31]",23
28375,"[21, 11, 31, 23, 42, 12, 14, 34, 13, 33, 44, 32, 41]",21
28467,"[21, 14, 34, 11, 42, 12, 13, 41, 44, 23, 24, 32]",21
28473,"[11, 13, 21, 41]",11
28482,"[43, 11, 12, 14, 21, 24, 31]",43
28497,"[11, 21, 23, 42, 31, 34, 12, 24, 13, 32, 33, 43, 44]",11
28554,"[21, 23, 11, 12, 13, 31, 41, 14, 33]",21
28635,"[14, 23, 43, 12, 11, 24, 34, 41, 44]",14
28686,"[23, 21, 24, 11, 14, 31, 43]",23
28731,"[34, 24, 42, 43, 44, 12, 14, 33]",34
28871,"[33, 11, 23, 34, 32, 21, 31]",33
28955,"[11, 21, 14, 31, 12, 23, 42]",11
29198,"[12, 31, 24, 42, 21, 34, 43, 44]",12
29241,"[11, 12, 21, 23, 31, 13, 32, 33, 41, 42, 44, 34, 43]",11
29322,"[11, 21, 31, 42, 14, 34, 12, 32, 33, 13, 23, 44]",11
29323,"[21, 41, 14, 31, 11, 24, 34, 42, 44]",21
29325,"[41, 11, 14, 21, 31, 24, 13, 32, 33, 42]",41
29326,"[11, 21, 42, 31, 41, 23, 12, 32, 33, 14, 34, 13, 24, 44]",11
29328,"[12, 21, 11, 42, 14, 24, 13, 23, 31, 34, 43]",12
29338,"[21, 23, 24, 31, 12, 14, 43, 11, 33, 34, 42, 32]",21
29370,"[24, 42, 31, 41, 33, 34, 21, 23]",24
29372,"[34, 21, 11, 31, 41, 42, 44, 33]",34
29373,"[21, 11, 14, 31, 23, 32]",21
29379,"[11, 21, 31, 42, 12, 14, 24, 32, 34, 41, 13, 33, 43]",11
29386,"[23, 12, 21, 31, 11, 14, 24, 33, 43]",23
29427,"[11, 21, 33, 34, 44]",11
29436,"[31, 21, 23, 11, 14, 42, 43, 33]",31
29492,"[42, 11, 31, 21, 34, 41, 12, 13, 44]",42
29502,"[42, 21, 24, 11, 31, 32, 34, 44]",42
29514,"[11, 21, 14, 24, 31, 34, 42, 44]",11
29551,"[14, 23, 24, 11, 21, 32, 33, 13, 22, 34, 41, 42, 43]",14
29558,"[24, 34, 14, 21, 23, 42, 11, 12, 31, 32, 33, 44]",24
29583,"[23, 34, 24, 42, 31, 44, 11, 14]",23
29587,"[23, 11, 41, 21, 31, 32, 12, 13, 34, 14, 24, 42, 43]",23
29595,"[31, 23, 24, 32, 33, 42]",31
29596,"[21, 14, 11, 23, 31, 34, 42, 33, 43, 44, 12, 32, 41, 13, 22]",21
29599,"[14, 21, 33, 22, 42, 11, 12, 23, 24, 34, 41]",14
29661,"[31, 23, 21, 12, 14, 24, 33, 41, 43, 11, 32, 34, 42]",31
29698,"[21, 31, 11, 14, 23, 42, 24, 22, 33, 43]",21
29728,"[11, 21, 31, 24, 42, 12, 14, 23, 34, 13, 32, 33, 41]",11
29816,"[21, 11, 23, 41, 42, 13, 24, 31, 32, 33, 34, 43]",21
29820,"[12, 24, 11, 14, 21, 33, 34, 32, 42, 44]",12
29846,"[24, 31, 34, 44, 33, 42, 12, 32, 43]",24
29854,"[21, 11, 13, 42, 14, 23, 24, 33, 34, 41, 43]",21
29875,"[23, 42, 11, 21, 14, 32, 12, 13, 31, 33, 34, 43]",23
29877,"[21, 23, 14, 31, 12, 34, 44]",21
29884,"[11, 21, 42, 23, 41, 12, 14, 31, 32, 34, 13]",11
29909,"[42, 12, 31, 32, 23, 24, 14, 41]",42
29911,"[23, 24, 34, 14, 42, 44, 31, 33]",23
29930,"[31, 34, 11, 21, 23, 24, 44]",31
29933,"[11, 42, 21, 14, 31, 12, 13, 23, 32, 33, 34, 43, 44]",11
29946,"[21, 11, 42, 14, 23, 34, 12, 31]",21
29947,"[23, 11, 21, 42, 12, 14, 24, 34, 41]",23
29954,"[31, 34, 11, 23, 42, 21, 33, 12, 14, 32, 43]",31
29970,"[21, 31, 11, 34, 41, 44, 23, 24, 12, 14, 32, 42]",21
30086,"[32, 34, 11, 21, 42, 23, 33, 44]",32
30246,"[11, 21, 31, 14, 23, 33, 42, 12, 24, 32, 41, 44]",11
30324,"[21, 31, 11, 33, 12, 14, 24, 43]",21
30330,"[42, 34, 12, 24, 31, 33, 43]",42
30332,"[34, 43, 21, 11, 12, 23, 31]",34
30340,"[34, 31, 12, 24, 42, 21, 32, 44]",34
30413,"[11, 21, 12, 14, 23, 24, 33, 43]",11
30423,"[23, 31, 42, 21, 33, 41, 11, 14, 34]",23
30449,"[43, 11, 31, 42, 23, 33, 24, 34, 41, 12, 14, 21, 44]",43
30534,"[11, 23, 13, 14, 21, 24, 42, 32, 34, 41]",11
30551,"[23, 11, 24, 32, 33, 41, 13, 14, 31, 34, 42]",23
30572,"[11, 14, 21, 23, 24, 31]",11
30784,"[21, 13, 31, 11, 12, 22, 23, 34, 42, 43, 44]",21
30881,"[21, 41, 14, 31, 42, 11, 34, 43, 44, 13, 24, 32]",21
30934,"[11, 21, 34, 42, 24, 31, 44, 12, 13, 14, 33]",11
31038,"[11, 21, 31, 34, 42, 23, 32, 33]",11
31061,"[14, 24, 23, 21, 12, 22, 34, 42, 44]",14
31104,"[33, 12, 42, 23, 31, 32, 24, 43]",33
31214,[42],42
31230,"[31, 42, 33, 12, 24, 32, 34, 43, 44]",31
31378,"[21, 11, 31, 42, 13, 34, 43, 14, 23, 32, 41]",21
31379,"[11, 21, 42, 32, 34, 23, 41]",11
31380,"[14, 11, 34, 42, 21, 31, 12, 23, 24, 32, 33]",14
31391,"[23, 42, 13, 14, 34, 44, 12, 41]",23
31401,"[31, 24, 12, 23, 41, 11, 21, 13, 14, 42]",31
31446,"[42, 23, 31, 32, 33, 34]",42
31455,"[11, 24, 13, 21, 23, 32, 33, 34, 42, 44]",11
31485,"[31, 21, 23, 41, 42, 11, 12, 13, 24, 34, 44]",31
31716,"[23, 11, 21, 32, 14, 24, 13]",23
31726,"[31, 11, 21, 23, 24, 34, 42, 44]",31
31780,[33],33
31842,"[11, 33, 14, 21, 12, 23]",11
31951,"[24, 34, 42, 31, 23, 32, 44]",24
31968,"[23, 14, 21, 31, 43, 12]",23
32025,"[23, 33, 21, 24, 11, 14, 31, 34, 42]",23
32046,"[11, 12, 21, 24, 41, 42, 44, 13, 31, 34]",11
32048,"[31, 11, 21, 23, 24, 34, 12, 14, 32, 33, 41, 43]",31
32049,"[34, 21, 11, 44, 31, 12, 23, 42, 14, 32, 41, 24, 43]",34
32163,"[21, 14, 31, 11, 24, 42, 43]",21
32260,"[11, 21, 42, 31, 13, 23, 41, 14, 32, 33]",11
32264,"[24, 11, 31, 42, 12, 14, 21, 23, 34]",24
32615,"[11, 21, 42, 14, 23, 24, 33, 34]",11
32716,"[31, 11, 21, 42, 23, 13, 32, 33, 24, 14, 41, 43]",31
32751,"[13, 21, 41, 23, 11, 31, 34, 44]",13
32782,"[24, 31, 11, 14, 33]",24
32807,"[11, 21, 23, 42, 14, 24, 31, 34, 32, 33]",11
32841,"[42, 43, 12, 23, 24, 32, 31, 33, 34, 44]",42
32916,"[23, 14, 12, 21, 24, 34, 42, 44]",23
33024,"[11, 21, 23, 31, 14, 24, 41, 42, 44, 12, 32, 34]",11
33039,"[31, 11, 21, 41, 33, 34, 42, 24, 32, 43, 44]",31
33071,"[24, 34, 44, 31, 21, 11, 12, 42]",24
33084,"[31, 21, 24, 34]",31
33153,"[24, 42, 14, 23, 21]",24
33222,"[13, 23, 31, 33, 41, 11, 12, 21, 34, 42]",13
33224,"[41, 11, 21, 31, 42, 12, 24, 34]",41
33302,"[24, 42, 23, 11, 21, 31]",24
33373,"[31, 23, 11, 14, 21, 41, 42]",31
33374,"[42, 34, 21, 11, 31, 12, 14, 23, 32, 33]",42
33375,"[24, 31, 11, 23, 14, 21, 41, 13, 32, 33]",24
33379,"[42, 11, 21, 12, 23, 14, 24, 31]",42
33393,"[23, 14, 11, 12, 13, 21, 24, 31, 22, 32, 33, 34]",23
33407,"[23, 12, 31, 21, 14, 24, 34, 43, 44]",23
33435,"[24, 32, 23, 34, 44]",24
33458,"[21, 41, 11, 34, 31, 42, 44, 23, 12, 24]",21
33479,"[11, 21, 31, 42, 12, 14, 22, 24, 43, 34, 44]",11
33508,"[31, 34, 42, 24, 44, 12, 14, 33, 43]",31
33572,"[11, 23, 24, 31, 21, 42, 43, 13, 32, 34, 44]",11
33573,"[34, 24, 44, 11]",34
33657,"[21, 42, 14, 31, 34, 11, 12, 24, 32]",21
33689,"[21, 11, 33, 42, 12, 23, 31, 14, 24, 34]",21
33763,"[11, 23, 42, 31, 34, 41, 13, 21, 24]",11
33774,"[24, 31, 41, 11, 21, 23, 42]",24
33782,"[42, 31, 12, 32, 33, 11, 14, 21, 23, 34, 43, 44]",42
33796,"[42, 24, 31, 34, 44, 12, 21, 22, 23, 41, 43]",42
33824,"[23, 12, 24, 31, 14, 21, 32, 34, 42, 43]",23
33833,"[23, 14, 31, 21, 22, 34, 42, 41, 43, 11, 12, 13, 24, 32, 33]",23
33838,"[23, 21, 12, 14, 11, 13, 24, 1, 31, 33, 41, 42]",23
33849,"[24, 14, 31, 41, 42, 11, 13, 33, 34]",24
33853,"[23, 31, 14, 21, 24, 41, 13, 42, 11, 33, 34]",23
33858,"[11, 24, 12, 21, 31, 42, 23, 43]",11
33872,"[23, 14, 41, 24, 42, 31, 11]",23
33891,"[34, 21, 42, 23, 31, 44, 11, 12]",34
33903,"[21, 11, 14, 24, 42, 23, 34, 44, 41]",21
33916,"[11, 21, 14, 24, 13, 23, 31, 43]",11
33960,"[23, 24, 42, 14, 21, 33, 34]",23
33983,"[11, 12, 23, 31, 41, 43, 13, 21, 24, 42, 22, 32, 34]",11
33993,"[31, 21, 23, 12, 11, 14, 41, 24, 32, 42, 22, 33, 34, 43]",31
34005,"[11, 21, 31, 41, 42]",11
34051,"[34, 44, 11, 14, 24, 12, 21, 23]",34
34056,"[34, 11, 21, 42, 24, 44, 23, 31]",34
34062,"[24, 23, 42, 14, 34, 44, 11, 12, 21, 31, 33, 43]",24
34092,"[11, 24, 21, 31, 44, 12, 13, 14, 33, 34, 41, 43]",11
34105,"[31, 21, 12, 14, 24, 34, 42, 43]",31
34117,"[34, 11, 24, 31, 44, 21, 13, 41, 42, 14, 23, 43, 12]",34
34157,"[21, 23, 42, 14, 31, 12, 11, 24, 33, 13, 32, 34]",21
34178,"[12, 32, 34, 42, 14, 21, 43]",12
34223,"[24, 31, 42, 11, 12, 21, 34, 41, 43]",24
34271,"[31, 14, 21, 41, 23, 11, 24, 34, 44]",31
34272,"[21, 23, 31, 11, 24, 33, 14, 32, 34, 41, 42, 44]",21
34281,"[31, 21, 24, 33, 43, 42]",31
34309,"[24, 31, 42, 23, 33, 34, 21, 11, 12, 32, 43, 44]",24
34316,"[21, 23, 31, 11, 12, 14, 24, 42]",21
34363,"[23, 11, 21, 42, 31, 24, 32, 33, 12, 14, 34, 41]",23
34412,"[34, 44, 23, 31, 33]",34
34558,"[23, 24, 31, 34, 14, 33, 42]",23
34627,"[11, 43, 21, 12, 31, 33, 14, 42, 1, 13, 23, 24, 32, 41]",11
34639,"[12, 21, 24, 23, 31, 41, 43]",12
34660,"[23, 14, 11, 21, 24, 31, 34, 42, 33, 41, 44]",23
34685,"[23, 11, 42, 34, 31, 14, 33]",23
34695,[34],34
34752,"[31, 12, 11, 21, 23, 32, 34, 41, 22, 24, 33, 42, 43, 44]",31
34794,"[24, 12, 14, 23, 42]",24
34798,"[42, 23, 34, 11, 21, 24, 44]",42
34802,"[43, 31, 24, 42, 41, 34, 44]",43
34825,"[34, 42, 31, 33, 44, 24, 32, 43]",34
34877,"[31, 23, 24, 43, 41, 42, 21, 33, 44, 32, 34]",31
34884,"[22, 13, 34, 41, 21, 23, 31]",22
34886,"[31, 34, 21, 42, 11, 24, 44]",31
34893,"[34, 42, 21, 23, 11, 24, 33, 41, 43, 44]",34
34908,"[23, 11, 13, 14, 21, 42, 24, 41]",23
34910,"[11, 21, 31, 23, 32, 33, 14, 12, 22, 24, 34, 41, 42, 43]",11
34915,"[21, 11, 22, 24, 34, 42, 12, 13, 31, 32, 41, 43, 44]",21
34994,"[14, 21, 23, 34, 24, 31, 42, 11, 13, 41, 32, 33, 44]",14
35049,"[21, 11, 23, 14, 24, 12, 43]",21
35065,"[23, 21, 11, 31, 12, 14, 32, 33, 34, 41, 44, 13, 24, 42]",23
35083,"[42, 23, 31, 33, 34]",42
35117,"[21, 11, 23, 14, 22, 42, 24, 31, 32, 34]",21
35184,"[23, 24, 22, 42, 12, 14, 21, 31]",23
35210,"[31, 42, 12, 23, 43]",31
35215,"[12, 14, 21, 23, 42]",12
35229,"[24, 14, 11, 21, 34, 42, 44]",24
