,11,12,13,14,21,22,23,24,31,32,33,34,41,42,43,44
58,12,1,1,4,8,5,10,2,4,1,1,3,1,3,1,1
62,1,0,1,1,1,0,1,2,5,1,0,1,3,3,0,0
135,8,1,0,1,6,0,3,1,7,1,2,1,0,7,0,0
228,7,3,1,3,18,1,2,2,5,0,2,2,0,3,0,0
325,0,0,0,0,0,0,1,3,1,3,0,3,1,4,0,1
361,1,0,0,1,0,0,1,2,3,0,2,2,1,1,0,1
428,0,1,0,0,0,0,0,3,8,1,0,1,1,3,1,0
432,2,0,0,14,5,4,6,2,0,3,0,1,0,0,0,1
441,4,1,1,2,4,1,4,1,3,2,0,2,0,0,0,2
443,6,1,3,0,7,2,0,0,10,1,0,3,1,1,0,0
444,2,1,0,1,2,0,2,0,10,1,2,4,0,7,0,0
449,0,0,0,7,3,0,7,1,4,1,0,0,0,3,0,0
463,17,4,0,8,6,0,2,2,0,2,1,1,0,2,1,0
477,1,1,0,0,0,1,0,2,1,0,0,0,0,2,1,0
488,8,0,3,3,14,0,4,4,7,0,0,1,0,15,0,1
533,1,1,0,5,3,0,5,1,8,1,0,1,0,4,4,0
534,7,0,0,3,7,0,4,0,1,0,1,5,1,14,0,0
535,0,1,0,0,1,0,1,1,1,0,0,0,0,2,1,0
635,4,1,0,0,4,0,1,2,3,0,1,2,1,10,0,2
672,0,0,2,7,5,2,4,1,1,0,0,1,1,2,0,0
673,0,0,0,1,1,0,4,3,4,1,1,0,1,2,1,0
691,1,0,0,2,4,0,3,5,5,1,1,4,4,6,0,1
699,4,0,0,5,3,0,1,4,5,0,2,6,0,7,0,2
700,0,2,0,0,0,0,1,0,5,0,0,1,0,10,0,1
714,0,0,0,0,0,0,0,0,1,1,1,7,0,2,0,1
717,2,0,0,1,4,0,2,0,2,1,4,3,0,0,0,1
746,2,1,0,0,2,0,1,7,7,1,1,4,0,5,0,3
747,1,0,2,0,2,0,0,1,0,0,2,1,2,1,0,1
789,5,0,1,0,1,0,4,1,4,1,1,4,1,5,0,0
901,1,0,0,0,1,0,0,2,0,0,0,1,0,1,0,0
910,4,1,0,0,0,0,3,1,3,0,0,4,0,3,0,2
919,7,0,6,9,14,0,0,2,8,4,4,1,0,0,2,0
920,1,0,0,2,1,1,1,3,1,0,1,0,2,0,0,0
934,0,0,0,0,1,0,2,4,4,1,1,1,2,3,2,1
968,0,0,0,1,0,0,0,1,2,3,0,1,0,0,0,0
969,5,0,1,1,4,0,2,1,4,1,1,1,2,6,0,0
1020,1,0,0,3,2,0,4,2,1,0,1,1,1,1,0,0
1103,1,0,0,1,0,0,2,1,0,0,0,0,0,1,0,0
1113,1,0,0,0,1,0,5,4,0,2,1,0,0,3,0,0
1157,8,0,1,2,8,0,4,0,2,2,0,1,2,4,0,1
1177,0,0,0,3,2,0,5,2,1,0,0,1,2,0,0,1
1184,2,0,0,0,2,0,1,1,2,3,1,0,0,5,0,0
1251,3,0,0,0,3,0,0,1,2,0,0,2,0,2,0,1
1286,0,0,0,1,5,0,3,3,1,0,0,3,1,2,2,1
1306,10,2,2,3,4,0,1,2,10,1,3,0,2,6,0,0
1338,3,1,0,1,5,1,6,6,3,0,0,1,0,2,1,0
1398,0,1,0,1,3,0,2,0,3,1,0,1,0,3,0,4
1417,13,1,2,5,11,0,5,0,5,4,2,0,1,5,0,1
1420,2,0,1,1,2,0,3,2,3,1,0,1,1,2,1,1
1447,2,0,1,2,2,0,4,4,2,0,4,1,2,1,2,1
1453,9,2,0,0,7,0,0,1,5,0,0,1,4,5,0,3
1454,2,1,0,1,3,0,1,2,4,0,0,1,0,4,2,0
1539,16,2,1,3,11,1,3,2,6,2,0,3,0,3,1,0
1560,11,8,2,3,5,0,2,1,1,1,2,0,2,2,6,0
1561,5,0,1,1,3,0,1,1,2,0,0,1,1,3,0,1
1562,0,0,2,0,2,0,1,0,1,0,0,1,2,1,0,0
1572,5,3,1,1,7,1,5,1,7,4,4,2,5,2,2,1
1582,1,0,1,0,3,0,0,2,0,0,0,8,2,2,2,3
1662,2,0,0,0,1,0,1,2,1,0,0,5,0,2,0,3
1664,0,0,0,0,0,0,2,1,2,0,1,0,0,0,0,0
1766,9,0,1,2,9,0,1,0,3,0,1,1,1,6,1,0
1776,3,6,0,0,2,0,1,0,2,0,2,5,0,14,0,0
1795,1,0,0,1,2,0,1,0,3,0,0,0,0,3,0,0
1831,1,3,0,1,2,0,3,0,1,0,6,4,0,11,1,0
1832,2,1,0,2,3,0,3,1,0,0,0,1,0,0,0,1
1855,9,1,1,1,4,0,4,0,1,1,0,4,1,3,1,1
1861,1,2,0,1,11,1,1,4,2,1,1,2,0,2,1,3
1871,0,0,3,3,2,0,2,1,4,0,0,0,4,0,0,1
1884,1,3,0,0,1,0,0,0,0,0,0,0,1,1,1,1
1908,3,0,3,1,2,0,3,1,4,1,0,3,4,1,1,4
1926,7,2,2,2,2,0,2,0,1,0,0,3,1,0,0,2
1943,3,0,0,0,2,0,0,0,3,0,1,2,1,2,2,1
1955,2,1,2,2,1,0,3,0,1,1,0,0,0,0,0,0
2008,8,2,1,3,12,0,0,1,4,0,4,2,1,1,0,1
2022,2,1,0,1,2,0,0,0,5,0,0,0,0,4,0,3
2025,2,0,1,1,3,0,0,4,1,0,0,1,1,1,0,1
2035,3,0,0,3,3,0,3,2,0,1,1,1,0,1,0,1
2041,11,2,1,4,9,2,11,1,6,1,1,4,3,7,0,3
2042,1,0,0,1,1,1,13,3,1,0,0,1,2,1,0,1
2057,6,0,0,0,4,0,1,0,2,1,1,2,4,6,0,0
2064,6,0,0,0,0,0,2,1,5,1,0,1,0,2,0,4
2083,1,0,1,2,2,0,5,4,2,1,0,0,0,2,0,0
2100,8,0,1,3,4,0,2,8,4,2,0,0,0,2,0,1
2114,3,2,1,2,10,0,1,5,1,0,2,0,1,1,3,0
2117,0,0,0,0,0,0,3,1,4,0,0,1,3,0,0,1
2135,3,2,1,0,3,0,2,0,2,0,0,0,1,1,1,0
2136,4,0,0,0,2,0,1,0,3,0,1,8,6,4,0,3
2138,8,2,2,0,4,0,2,1,3,1,0,1,2,3,0,0
2142,1,5,0,5,4,0,0,2,3,0,1,1,2,1,0,2
2218,0,6,0,1,0,0,0,3,5,2,2,1,0,10,1,1
2330,4,2,0,2,7,0,1,2,5,0,2,0,0,4,1,1
2351,2,1,0,4,4,0,7,3,3,0,0,0,0,3,0,1
2379,3,1,1,1,3,0,2,0,0,1,1,2,0,5,0,1
2411,7,5,0,3,14,6,6,1,4,2,1,3,1,4,0,5
2440,0,0,1,0,0,0,3,2,1,1,0,2,1,2,0,0
2452,4,2,0,5,7,0,5,3,0,0,0,1,0,1,1,1
2495,1,0,0,0,3,1,1,1,2,1,0,0,0,0,0,1
2505,1,1,0,0,1,0,1,2,2,0,2,0,0,1,2,0
2521,0,0,2,1,1,0,2,2,6,0,1,6,4,3,1,8
2541,12,4,0,2,7,0,0,0,10,0,1,1,0,4,2,3
2580,0,0,0,1,2,0,0,2,3,0,5,1,0,3,1,0
2612,0,0,2,1,3,1,3,3,3,0,1,1,2,1,0,1
2671,12,1,3,3,13,0,2,0,11,2,1,1,1,4,1,3
2694,6,1,0,2,5,0,2,0,4,0,0,0,0,1,0,0
2742,2,2,0,0,3,0,1,1,2,1,0,1,2,4,1,1
2756,1,0,0,4,1,0,9,1,4,1,1,0,3,1,0,1
2788,0,1,0,2,0,0,1,0,0,0,0,0,0,0,0,2
2831,0,3,0,7,8,3,4,2,2,0,1,0,1,1,0,0
2867,0,1,1,8,4,1,6,2,5,0,1,0,1,1,1,0
2897,5,1,0,0,5,0,8,2,5,3,4,1,2,6,0,1
2920,1,0,0,0,2,0,1,2,3,0,1,0,0,3,0,0
2963,6,2,1,1,6,0,2,4,2,0,4,0,0,3,7,1
3030,1,0,2,3,3,0,0,3,1,0,0,1,1,0,1,0
3044,4,1,0,0,1,0,1,1,5,2,1,1,2,3,1,1
3046,0,6,0,0,1,0,1,2,3,0,2,2,0,9,0,0
3049,1,0,2,0,2,1,0,1,2,0,1,1,1,0,1,0
3055,0,10,0,0,1,0,0,0,4,0,2,0,0,14,1,0
3089,0,2,0,0,2,0,0,0,2,0,16,1,8,2,7,0
3111,0,1,0,0,0,0,0,1,2,0,5,1,0,3,0,0
3157,10,3,0,0,4,0,1,0,3,3,2,2,0,1,10,2
3160,4,3,0,15,14,1,5,2,1,1,1,1,0,4,1,1
3164,3,3,1,7,8,0,3,0,3,1,1,2,1,0,2,1
3204,0,3,2,0,3,0,0,1,2,0,0,2,3,2,0,2
3228,0,1,0,0,0,0,2,0,5,1,10,2,4,6,0,3
3234,3,1,0,2,0,0,2,3,0,2,0,0,0,2,0,3
3252,7,1,0,2,7,0,0,0,2,0,1,2,0,2,1,1
3271,3,2,1,0,2,0,0,0,5,0,6,1,2,4,7,1
3333,3,1,0,1,4,0,0,2,1,0,1,1,0,2,0,0
3369,2,0,3,1,2,1,1,1,2,0,1,1,1,1,2,0
3371,4,1,4,1,1,0,4,4,5,1,1,1,3,7,2,2
3374,2,2,0,3,5,1,0,3,6,0,1,3,1,3,2,2
3382,8,2,0,1,7,0,2,1,2,1,0,2,1,12,2,1
3427,7,1,1,7,11,0,1,0,2,1,0,1,0,2,0,1
3430,4,0,1,1,4,0,3,0,3,0,0,0,1,1,0,1
3463,0,0,4,0,1,1,2,5,5,1,0,1,4,2,0,1
3525,1,0,1,2,1,0,3,3,1,0,3,2,1,2,1,1
3560,0,0,0,2,0,0,5,0,4,1,2,2,5,3,1,2
3580,0,2,0,1,4,2,6,0,3,0,0,0,3,5,0,1
3657,2,0,0,8,11,0,0,1,2,0,1,8,0,3,0,0
3661,1,0,1,1,2,0,3,0,1,1,3,1,1,1,4,0
3705,0,0,0,2,0,0,0,4,6,1,0,3,2,2,1,1
3730,0,1,0,6,6,0,8,1,8,0,5,2,3,2,0,3
3752,5,4,0,0,5,0,2,0,4,2,1,0,4,2,0,0
3760,0,0,0,3,4,0,2,0,2,0,0,1,1,1,2,0
3761,2,2,6,2,3,0,0,4,3,0,3,2,3,4,3,0
3763,0,0,1,2,2,8,10,3,6,0,0,2,4,3,0,3
3766,1,0,0,1,1,0,3,0,3,0,1,1,1,0,0,0
3769,3,2,5,1,3,0,0,2,3,0,3,1,3,2,1,1
3783,3,0,0,0,1,0,0,3,2,0,0,0,0,3,0,0
3796,8,0,1,1,2,0,0,10,3,0,0,3,0,2,0,0
3798,2,3,0,2,4,0,3,2,6,0,0,1,3,3,1,1
3805,2,6,0,1,9,2,0,0,0,0,0,3,0,4,0,1
3816,2,0,0,0,2,0,3,0,6,2,0,3,1,5,0,1
3824,0,1,0,0,2,1,2,0,1,0,1,1,1,1,0,0
3840,0,1,1,4,6,1,4,14,3,0,2,0,1,2,1,0
3854,2,4,0,2,6,0,1,0,1,1,1,1,0,2,0,0
3867,2,6,0,12,9,0,2,2,3,0,0,1,1,5,2,1
3874,5,2,0,1,8,0,0,4,3,0,2,1,0,0,0,1
3909,4,0,1,0,2,0,0,0,2,0,0,1,1,1,0,3
3979,0,1,0,0,0,0,1,3,5,3,1,3,0,1,0,1
3982,6,0,0,5,3,0,6,2,2,1,1,0,0,3,0,0
3987,1,3,0,0,3,0,1,0,10,0,1,2,1,9,2,1
3996,0,0,1,3,1,1,7,1,2,0,1,3,1,1,0,2
3997,1,2,0,1,5,0,1,0,9,0,4,0,1,14,2,0
4041,2,1,0,2,1,0,1,2,2,1,4,3,0,2,0,1
4042,3,4,0,1,2,1,8,3,5,1,2,1,4,3,1,1
4051,4,0,0,5,4,1,12,1,4,0,0,0,0,6,0,1
4063,7,3,2,2,4,0,0,0,4,0,0,1,4,6,0,0
4065,1,1,1,14,10,1,13,3,8,0,3,0,3,4,1,0
4067,3,0,3,4,3,0,11,0,4,0,0,4,4,2,1,4
4074,3,0,2,1,2,0,1,0,1,0,0,2,3,2,1,1
4097,1,0,0,3,2,0,1,6,1,0,0,0,1,2,0,1
4105,4,0,1,1,7,1,1,2,1,0,0,1,1,0,0,2
4106,1,0,1,0,12,0,2,3,1,0,1,8,1,0,0,1
4110,3,6,1,0,9,0,1,3,5,0,2,0,0,2,4,5
4123,1,0,2,0,1,0,5,1,2,0,0,1,1,1,0,5
4124,0,3,0,1,2,0,1,4,3,0,0,3,0,4,1,2
4159,1,0,0,1,0,0,0,2,1,0,0,0,0,0,1,0
4165,0,0,0,0,0,0,0,1,3,0,0,2,0,0,0,1
4167,6,3,1,7,7,0,8,0,5,1,3,3,1,7,3,1
4183,4,0,0,0,1,0,2,0,3,1,2,4,4,1,0,4
4190,0,0,0,5,5,0,5,0,10,0,5,0,0,9,1,0
4195,6,0,0,0,5,0,1,0,0,3,1,2,0,4,1,0
4219,3,1,3,1,4,0,1,3,5,0,1,3,2,2,0,1
4241,1,1,0,2,3,0,6,4,0,1,0,0,0,0,0,0
4312,10,1,2,4,20,3,4,0,4,1,1,3,1,2,0,3
4313,1,3,2,1,6,1,3,2,8,1,1,3,1,7,0,5
4320,3,1,2,7,6,0,7,3,0,0,1,2,4,6,0,2
4322,0,0,0,2,2,0,3,0,1,0,0,3,1,0,1,3
4329,0,0,0,1,2,1,3,1,1,0,1,2,0,4,0,0
4331,4,3,1,5,11,0,5,16,2,2,3,1,1,3,1,1
4335,0,0,0,1,1,0,2,7,8,0,1,2,0,4,1,1
4345,7,3,1,0,5,0,1,0,1,3,3,5,1,4,2,1
4351,7,2,1,2,4,0,2,0,5,0,1,5,0,16,0,3
4353,9,2,0,0,6,0,1,0,2,5,1,3,0,3,1,1
4356,2,0,0,0,1,0,1,3,0,0,1,0,0,0,1,1
4384,1,2,1,1,4,5,4,0,2,0,0,0,0,3,0,0
4413,0,1,1,1,0,1,1,1,2,0,4,4,2,0,0,2
4426,1,2,0,0,3,0,3,0,2,0,0,3,0,3,0,0
4428,1,0,1,0,1,0,2,2,0,0,0,0,0,1,0,0
4434,0,2,0,1,1,0,3,0,6,0,0,0,1,2,0,0
4451,14,4,0,0,7,0,3,0,5,1,0,2,0,9,1,0
4457,0,0,1,0,1,0,1,1,6,0,0,0,0,4,1,0
4467,0,0,0,1,0,0,1,0,1,0,0,2,0,1,2,1
4510,12,1,1,0,5,0,3,2,7,2,1,5,1,2,1,2
4512,1,3,1,0,3,0,4,2,3,0,2,1,3,4,0,2
4531,4,5,2,10,18,2,4,2,10,0,2,2,3,6,3,0
4538,0,2,0,2,3,0,1,1,4,0,0,2,2,3,1,1
4542,6,3,1,3,13,1,4,3,3,3,0,2,0,1,0,2
4546,3,0,0,3,8,0,2,3,5,0,0,3,0,1,0,1
4555,1,0,0,3,9,0,1,3,2,0,1,0,0,0,0,0
4559,1,3,0,0,0,0,0,1,0,0,0,1,0,1,3,1
4565,3,0,0,0,1,0,0,0,1,0,2,1,0,2,2,2
4566,6,0,0,0,1,0,5,0,0,2,4,1,0,2,0,0
4569,2,1,0,0,3,0,1,0,0,1,4,1,1,6,0,0
4571,6,0,0,6,5,0,9,3,6,2,2,1,8,3,0,2
4572,0,1,0,1,1,0,17,1,2,0,1,1,1,1,1,1
4573,2,1,0,3,5,0,11,2,0,2,2,0,0,6,1,0
4574,0,1,0,0,6,0,3,0,9,0,1,3,3,3,0,2
4577,7,3,3,15,20,0,2,0,5,0,1,1,2,1,1,0
4639,1,3,1,2,3,0,3,0,1,0,0,0,0,3,0,0
4665,1,0,0,0,2,0,1,0,1,2,1,13,0,13,0,2
4669,1,5,2,2,3,0,4,6,2,0,0,3,2,0,2,4
4675,3,0,0,1,3,0,10,3,3,7,1,2,0,1,1,0
4690,2,0,0,2,6,0,1,1,2,0,1,1,0,0,2,1
4700,2,2,2,4,2,0,0,1,3,0,0,0,1,0,1,0
4705,3,1,0,0,1,0,1,1,0,0,0,1,0,1,0,1
4719,3,0,1,1,4,0,4,4,3,0,0,4,0,6,0,2
4743,0,0,0,0,1,0,0,1,0,1,0,0,0,0,1,0
4749,9,1,0,2,11,0,2,0,4,1,0,3,0,3,0,1
4755,3,3,0,6,11,0,3,2,1,1,1,1,0,3,0,0
4758,9,5,1,5,13,6,4,1,5,1,2,1,0,1,0,0
4759,2,0,0,1,3,0,1,2,2,1,0,2,0,5,0,1
4761,1,0,1,3,11,0,2,2,1,0,1,3,2,0,0,0
4773,2,1,1,4,7,0,1,7,4,0,2,3,0,1,1,3
4797,0,1,0,0,2,0,5,0,5,0,4,4,0,4,0,1
4811,1,2,0,0,1,0,2,1,2,0,5,2,0,7,1,0
4822,1,2,0,1,4,1,2,2,2,1,1,0,0,2,2,1
4824,4,2,2,0,5,0,10,0,2,0,0,4,3,5,1,1
4826,1,2,1,3,3,2,8,1,8,0,3,1,2,5,1,0
4829,1,0,0,0,1,0,0,0,0,0,1,1,2,4,0,0
4837,2,2,0,4,4,0,6,0,7,1,2,4,3,3,1,0
4849,1,5,0,0,4,0,2,3,7,1,4,1,2,6,1,3
4855,0,2,0,7,8,1,0,2,1,0,0,0,0,0,0,1
4857,5,2,1,2,6,0,0,1,3,0,3,2,0,3,3,1
4859,10,3,3,4,8,5,17,1,5,0,0,0,3,5,2,2
4876,2,0,0,0,2,0,0,0,2,0,0,3,0,2,0,3
4878,3,1,1,5,8,0,16,3,2,0,2,0,1,1,0,0
4883,3,1,0,6,5,0,10,2,1,1,2,2,0,1,2,3
4888,3,3,2,1,5,2,3,0,9,3,5,0,1,2,1,0
4909,1,3,0,1,2,0,1,3,4,0,0,0,3,1,0,0
4923,4,0,1,0,4,0,0,1,4,0,6,2,1,2,0,0
4957,0,0,0,0,0,0,3,1,2,0,0,1,2,1,0,0
4964,8,0,4,4,13,0,4,1,9,0,1,1,1,14,0,1
4989,5,2,0,3,12,0,3,3,7,0,1,3,0,2,0,1
4998,3,0,1,0,1,1,0,1,2,1,0,0,0,1,0,0
5011,2,0,0,4,9,0,1,2,3,0,0,5,0,1,0,3
5014,1,0,3,1,4,1,4,0,1,0,0,1,0,1,3,1
5028,6,2,1,5,8,0,6,3,6,0,2,3,2,4,3,0
5029,1,0,0,0,6,0,2,4,0,0,0,0,0,1,0,0
5047,4,0,1,0,4,0,1,1,2,1,1,0,2,9,0,1
5048,3,0,0,1,3,0,6,1,2,0,0,4,5,4,2,3
5049,1,1,0,1,5,0,1,1,5,1,0,0,0,1,1,1
5057,0,0,0,6,0,0,8,0,2,0,0,1,0,1,1,0
5067,1,1,0,0,2,0,1,0,3,0,2,2,1,5,0,1
5068,3,2,1,1,4,0,4,0,6,2,3,0,2,2,0,0
5072,5,2,0,2,6,0,2,0,14,0,2,3,3,4,0,4
5073,1,0,0,1,3,0,1,4,8,2,3,2,2,9,0,1
5075,4,3,0,5,7,0,2,6,2,2,0,4,0,3,2,4
5077,0,1,0,4,3,0,4,1,3,0,0,0,0,4,0,0
5081,6,1,1,1,5,1,14,1,4,0,0,1,0,7,0,0
5084,5,1,4,2,8,0,1,0,9,0,2,3,4,10,2,2
5086,2,0,6,1,3,0,0,1,3,1,3,2,1,2,0,0
5087,3,2,1,3,5,0,4,1,9,0,1,1,4,4,0,0
5088,3,1,1,5,1,0,12,3,1,0,1,2,1,1,0,1
5090,1,5,0,1,12,1,10,1,1,0,1,4,0,0,0,6
5097,10,2,0,2,6,0,3,0,17,2,1,0,3,12,1,0
5105,0,1,1,0,1,0,5,3,5,1,1,7,1,7,0,2
5111,1,2,0,2,4,0,0,1,3,0,1,1,0,6,1,0
5119,0,0,0,0,0,0,0,1,1,0,2,0,0,1,0,0
5143,1,4,0,1,9,0,2,1,6,0,0,0,1,2,1,0
5152,0,5,0,3,0,0,8,4,9,1,1,2,0,5,0,1
5218,1,1,0,0,0,0,1,0,5,0,0,0,0,2,0,0
5220,0,0,1,0,0,0,3,4,5,0,0,0,0,3,2,0
5228,1,2,3,2,2,0,2,2,3,0,0,0,1,3,1,0
5240,1,1,1,1,4,0,2,1,1,0,0,3,1,1,1,0
5250,1,0,0,1,1,0,1,2,0,0,1,0,0,0,0,0
5254,8,2,1,1,9,0,3,0,1,1,0,3,4,4,0,1
5271,2,0,3,0,1,1,1,1,3,0,0,0,0,2,2,0
5277,1,3,0,1,6,1,2,0,0,0,0,0,0,0,1,0
5278,10,1,0,4,6,8,5,1,8,0,4,2,1,2,2,4
5279,9,2,2,2,10,0,5,1,3,3,1,1,1,2,4,0
5283,6,2,1,4,11,0,1,0,4,1,2,0,2,0,0,1
5289,3,0,1,4,8,0,1,3,4,1,0,2,2,1,0,3
5300,2,0,0,2,3,0,8,2,1,0,1,0,0,1,0,0
5301,7,2,2,2,9,0,3,3,5,0,1,2,1,4,2,5
5303,3,1,2,1,7,1,1,3,2,0,0,0,0,1,0,1
5322,4,3,0,0,8,0,0,0,3,0,0,1,9,7,0,0
5326,3,5,0,0,3,0,1,0,0,1,4,6,1,16,1,0
5327,0,2,0,0,2,1,1,2,4,1,0,2,0,4,1,1
5329,1,1,2,14,11,7,15,1,1,0,1,1,0,5,1,1
5339,1,1,3,0,0,0,2,4,3,0,1,1,6,1,0,3
5345,5,6,2,3,6,2,4,0,4,1,2,2,0,0,3,0
5346,4,2,0,2,6,0,2,1,4,1,2,2,3,2,0,2
5359,3,1,1,5,13,0,1,1,8,0,0,3,1,1,0,4
5362,6,6,3,11,13,4,8,2,4,1,1,2,1,1,4,3
5363,0,3,0,0,4,0,0,1,3,0,0,1,1,6,0,1
5370,0,4,1,1,3,0,0,0,2,0,8,1,1,2,8,0
5384,1,3,0,0,1,0,3,2,7,0,1,6,0,2,0,3
5385,1,0,0,1,3,0,3,1,2,2,0,0,0,3,1,0
5426,0,0,0,7,5,0,12,2,4,0,2,0,1,5,0,0
5431,1,0,1,8,9,2,3,5,3,0,2,1,2,2,6,2
5479,16,0,2,1,8,0,3,2,6,2,0,3,1,5,1,0
5519,2,0,2,2,3,0,4,2,2,0,2,2,2,3,0,2
5520,4,0,0,4,5,2,3,3,3,0,0,0,0,3,1,0
5548,1,0,0,7,9,2,6,1,1,0,0,0,0,3,1,0
5549,0,3,0,1,3,0,0,3,2,0,2,2,1,2,1,2
5557,0,2,0,3,3,0,3,1,2,0,0,3,0,3,0,1
5583,1,2,1,1,4,0,1,6,2,1,0,1,1,3,2,4
5585,1,0,2,0,3,0,1,1,4,0,0,1,3,1,0,0
5593,13,0,0,1,6,0,1,5,6,0,0,3,2,2,1,7
5596,0,2,0,4,3,0,4,0,1,0,2,4,0,6,2,1
5614,7,3,0,0,9,0,0,1,4,0,6,2,5,10,0,0
5620,1,3,2,1,2,3,2,1,3,0,0,2,0,1,2,1
5622,0,2,0,0,2,0,0,1,0,0,0,1,0,1,0,1
5623,10,0,0,1,10,0,2,0,2,2,0,4,3,8,1,0
5628,2,2,0,0,0,0,3,1,1,2,2,2,0,1,1,2
5647,1,1,1,7,8,0,2,6,6,0,1,2,1,3,2,3
5663,2,3,0,1,5,2,10,0,1,0,0,0,0,1,1,0
5682,3,3,0,1,4,0,0,3,2,1,1,0,0,0,1,0
5690,2,1,1,2,2,0,1,2,1,0,0,1,1,0,1,1
5704,13,4,0,4,8,0,1,1,4,0,1,0,0,2,2,1
5717,8,1,0,1,5,0,6,2,4,0,3,3,0,2,0,1
5737,0,1,0,2,0,0,4,2,0,0,0,2,0,1,1,1
5741,0,3,0,0,6,12,15,3,1,1,2,1,4,5,3,3
5750,5,3,0,12,15,8,19,0,7,0,2,7,3,2,3,3
5752,1,0,1,11,6,5,2,5,4,1,0,1,0,2,1,0
5755,7,2,0,3,8,0,11,1,4,1,0,2,1,4,0,3
5759,1,0,3,0,3,0,0,0,2,0,0,2,2,3,3,3
5767,2,1,5,11,13,0,0,0,4,0,0,0,4,3,0,3
5781,3,0,0,1,1,0,0,0,2,0,0,1,0,5,0,0
5797,3,0,0,3,4,0,2,1,1,1,0,0,3,1,1,0
5802,4,2,0,3,7,0,1,0,3,1,0,4,0,2,0,0
5819,0,0,1,1,3,0,3,0,2,0,1,0,4,2,0,0
5821,17,2,0,1,7,0,0,0,12,0,2,2,1,2,0,3
5824,0,1,0,0,1,0,1,1,0,0,0,1,0,0,0,0
5826,5,1,0,1,7,0,1,0,1,0,5,1,1,8,0,0
5846,13,0,3,0,3,0,0,0,3,0,0,4,6,4,0,3
5852,0,0,0,0,0,0,7,4,13,0,0,1,2,2,0,0
5860,2,2,1,6,8,0,7,5,5,1,0,1,2,2,3,2
5861,3,2,3,4,10,4,6,3,4,0,0,3,0,0,1,1
5862,0,1,0,2,4,0,2,1,9,3,2,3,1,3,1,3
5922,0,1,0,0,0,0,3,2,3,0,0,0,0,0,0,0
5957,9,1,2,2,8,0,4,1,5,1,2,1,1,7,3,0
5970,10,0,0,19,15,0,11,5,1,6,1,0,0,1,0,0
5973,1,0,0,2,1,2,1,1,0,0,0,1,0,0,0,0
5990,3,3,1,3,12,0,2,3,4,0,1,2,0,2,0,1
5995,0,1,1,1,1,0,0,0,6,0,3,3,1,6,2,0
6020,2,1,0,10,11,1,4,0,2,0,2,0,0,2,2,0
6021,1,0,0,0,1,0,0,0,0,0,0,0,0,0,2,0
6022,6,2,4,2,6,0,2,2,4,0,0,0,4,0,2,5
6057,7,2,2,2,6,2,1,2,1,1,0,0,0,2,3,0
6062,7,4,0,8,9,0,10,2,1,1,0,1,0,1,1,1
6108,2,7,1,4,7,0,0,1,6,0,4,0,3,2,5,0
6124,2,0,0,1,2,0,4,2,1,1,1,1,0,1,0,0
6136,6,1,1,3,2,0,3,6,3,1,1,1,0,1,1,0
6162,2,0,4,6,6,0,3,1,3,0,1,2,3,1,0,3
6184,1,1,1,1,1,0,3,0,0,0,0,0,1,0,1,0
6198,2,0,1,2,2,1,8,1,3,0,0,2,1,3,0,0
6229,0,5,1,3,8,3,1,3,0,0,1,4,1,5,2,1
6230,0,1,0,2,3,0,1,1,0,0,0,0,0,0,1,0
6232,0,0,0,0,2,0,0,2,0,0,0,5,0,1,0,3
6242,4,3,0,1,3,0,2,0,2,0,1,0,0,1,3,0
6264,1,2,0,3,5,0,2,3,3,0,1,2,4,5,4,1
6314,6,5,0,0,7,0,2,0,3,4,4,3,1,7,5,2
6316,3,3,0,1,4,0,2,0,1,1,1,2,0,3,1,0
6318,1,0,1,0,0,0,0,0,3,0,0,1,1,0,0,2
6322,5,3,0,9,11,0,2,4,1,1,1,1,1,2,2,1
6323,2,2,0,3,7,0,2,2,2,0,0,1,2,6,0,3
6324,3,2,0,8,6,0,10,4,5,0,2,1,1,2,2,0
6327,7,0,1,0,3,0,7,5,4,4,1,1,2,2,0,3
6328,3,2,1,0,8,0,1,2,3,1,1,1,1,2,0,0
6329,0,3,0,1,2,1,5,7,1,0,0,0,2,0,3,2
6330,10,8,2,3,16,0,2,0,3,1,0,1,0,7,3,0
6336,0,0,0,4,6,0,7,3,6,1,6,2,0,8,1,0
6338,4,1,2,0,4,0,1,1,4,0,2,3,1,10,2,1
6339,0,2,2,2,6,0,1,2,1,0,1,0,0,1,6,0
6341,2,2,0,0,5,0,0,1,2,4,2,3,0,2,5,0
6443,0,0,1,2,2,0,4,0,2,2,1,1,1,2,0,3
6497,3,2,0,7,6,0,3,2,1,3,1,0,0,8,2,2
6505,8,2,2,1,6,0,5,0,2,0,0,2,2,7,0,0
6506,7,3,2,4,12,2,11,3,6,0,1,0,0,0,2,0
6507,0,4,0,0,5,1,5,0,5,0,0,4,3,3,0,3
6511,10,3,0,5,13,0,11,0,6,1,1,8,9,6,1,5
6512,3,0,0,1,2,1,5,5,2,2,3,3,1,3,3,0
6518,2,0,0,4,5,0,0,2,3,0,2,0,0,2,2,2
6528,5,1,0,13,15,5,2,2,4,2,0,3,0,1,2,1
6529,3,2,0,1,6,0,2,1,1,0,0,0,0,4,1,0
6536,2,2,0,5,4,0,10,2,1,7,1,1,0,4,1,1
6539,2,1,0,4,4,1,1,2,0,0,0,3,1,2,1,0
6540,0,0,0,1,2,0,3,0,4,0,1,3,0,2,0,1
6554,3,1,2,1,0,0,3,1,1,1,1,2,1,1,1,0
6568,1,1,0,1,1,0,1,0,0,0,0,0,0,0,0,0
6574,2,0,0,1,0,6,0,6,3,0,0,2,0,1,0,2
6621,2,0,1,2,2,0,1,1,1,0,4,1,0,1,5,0
6622,4,4,0,2,5,0,2,0,3,1,3,1,0,3,5,2
6650,10,0,0,0,8,0,2,3,4,1,0,0,0,5,0,0
6653,1,0,0,2,7,0,2,1,1,1,5,6,0,0,13,1
6664,1,0,3,5,1,3,2,3,4,1,0,1,0,2,1,2
6673,1,5,0,0,3,0,0,0,2,1,0,1,0,4,5,1
6714,1,0,0,1,1,0,0,2,1,0,2,0,0,1,2,0
6726,2,0,0,3,2,0,2,6,2,0,0,0,0,1,1,0
6749,7,1,0,19,18,0,3,1,3,0,1,0,2,4,1,0
6754,0,0,0,0,1,0,4,1,1,0,0,1,0,0,0,0
6758,6,0,1,2,5,0,4,1,9,0,2,5,3,10,1,1
6760,2,14,2,3,8,1,1,0,3,1,1,1,0,3,3,2
6762,4,0,2,0,1,0,5,2,3,2,0,3,0,1,0,3
6790,1,0,0,1,1,0,5,5,3,1,4,3,0,5,0,0
6791,4,1,0,11,12,0,3,0,3,1,1,6,1,2,2,6
6793,7,1,0,11,13,0,5,3,3,0,0,6,0,4,1,2
6794,6,1,1,8,10,1,9,1,1,2,2,0,1,0,1,1
6799,0,3,1,7,4,0,7,2,8,0,3,0,3,3,2,1
6801,0,0,0,0,0,0,3,1,3,0,0,2,0,1,0,0
6802,4,1,0,3,7,1,5,0,2,0,0,0,0,3,0,0
6803,4,2,0,2,5,0,7,4,6,1,0,1,2,5,3,0
6815,2,0,0,3,4,0,1,3,1,0,0,1,1,2,0,1
6817,4,5,0,6,8,0,6,4,2,2,1,1,0,4,1,0
6818,5,0,3,1,3,0,0,0,3,1,0,1,2,1,4,1
6823,2,0,1,0,1,0,1,2,3,0,0,2,3,0,1,2
6877,3,5,0,5,5,0,4,0,6,0,0,0,0,7,4,0
6887,5,0,0,0,1,0,1,1,1,0,0,4,0,2,3,2
6889,2,3,0,3,5,0,0,3,2,0,0,2,2,5,2,1
6897,5,0,0,2,3,0,2,0,2,1,0,1,0,1,0,1
6916,0,0,1,2,5,0,0,2,2,0,6,3,0,4,4,0
6920,1,0,0,1,5,3,7,2,2,1,1,0,1,3,0,1
6925,0,0,1,0,1,1,0,1,5,0,1,0,0,2,8,1
6939,2,5,3,4,9,1,1,0,2,0,0,4,1,1,2,1
6983,7,2,0,7,10,0,10,7,0,0,0,0,0,4,1,0
6991,7,4,3,2,9,1,4,3,7,1,4,3,1,5,5,1
7000,1,1,0,1,1,0,0,0,5,1,0,2,2,2,1,0
7003,1,1,0,1,3,0,1,2,2,0,0,1,0,0,0,1
7004,2,4,0,1,9,0,7,1,9,0,2,3,5,5,1,1
7006,2,2,2,1,4,0,8,5,5,1,0,2,2,4,0,2
7007,0,3,0,0,3,0,2,4,4,0,2,0,0,2,1,0
7010,1,1,2,1,2,1,2,1,12,1,2,2,3,4,2,1
7011,5,0,0,0,5,0,2,0,6,1,2,3,0,15,0,1
7014,6,3,1,10,16,0,3,4,4,1,2,2,0,5,1,1
7028,1,0,2,13,15,0,1,3,3,0,0,4,3,6,1,0
7030,3,1,0,1,5,0,7,0,15,0,0,3,8,6,0,0
7033,4,1,0,1,3,0,0,0,2,1,1,0,0,1,1,1
7038,9,3,2,3,4,0,2,2,2,1,1,2,1,5,0,2
7048,1,1,1,2,1,0,3,2,3,0,7,3,0,3,0,0
7086,2,0,0,2,2,0,6,6,1,0,0,0,1,2,0,1
7090,0,1,0,4,6,3,7,1,3,0,0,2,0,2,1,2
7101,2,1,0,8,9,0,2,1,1,0,4,3,0,5,0,0
7138,2,1,0,7,9,0,2,2,3,0,1,9,1,6,11,5
7144,4,1,0,1,3,0,2,3,4,0,1,0,2,3,2,1
7153,2,3,1,7,12,1,1,2,1,0,1,6,1,4,3,1
7160,7,2,0,2,3,0,4,2,1,1,0,4,0,2,3,2
7188,1,3,1,0,2,0,1,2,1,0,0,1,3,3,0,1
7268,0,1,0,6,5,0,1,2,0,0,0,0,0,0,5,0
7270,0,0,0,1,1,0,4,2,1,0,0,1,0,2,0,1
7310,2,0,0,5,6,0,1,3,2,0,1,3,0,5,0,1
7333,0,3,0,2,2,0,2,0,1,0,0,1,2,1,0,4
7337,9,1,3,1,7,1,3,1,5,1,2,0,2,4,0,0
7394,7,0,0,1,8,0,0,0,2,0,1,2,0,10,0,2
7398,2,0,0,1,1,0,3,3,2,0,1,0,0,2,0,0
7414,1,1,0,12,8,0,2,4,2,0,2,2,1,2,1,1
7424,0,1,0,0,2,0,2,2,2,1,0,2,1,4,2,1
7426,2,1,1,1,2,0,0,3,0,0,1,1,2,1,4,1
7437,1,4,0,7,16,0,4,2,1,0,1,1,0,1,1,1
7439,1,4,0,0,2,0,1,1,5,0,1,1,1,11,3,2
7484,6,0,0,4,3,0,3,3,1,0,2,3,1,0,1,1
7502,2,2,3,3,6,1,20,2,3,8,7,0,2,2,0,0
7525,3,1,0,0,3,0,4,5,2,0,1,0,0,3,2,0
7558,1,1,0,0,2,0,0,1,1,0,3,0,0,1,0,0
7634,4,1,0,1,2,0,0,2,1,0,0,0,0,1,0,0
7636,0,2,0,1,5,0,0,2,2,1,2,1,1,1,1,1
7641,0,0,0,1,1,0,1,1,0,0,0,0,0,1,0,0
7644,1,3,2,5,10,1,6,3,0,0,0,1,2,3,1,1
7645,0,1,0,3,10,1,5,4,4,0,0,3,0,5,1,0
7647,2,2,2,2,8,2,1,1,2,0,3,1,1,2,0,1
7649,0,0,0,0,2,0,0,1,3,2,0,2,1,3,0,1
7651,2,6,1,3,7,3,10,0,0,0,2,3,1,5,1,0
7661,2,1,0,0,3,0,0,1,1,0,2,1,0,1,0,0
7670,0,2,2,0,8,0,1,1,3,0,0,2,2,0,0,0
7675,3,1,1,4,14,0,4,1,2,1,1,1,1,1,1,1
7677,9,0,0,10,12,0,2,7,5,1,0,1,1,1,0,2
7739,3,1,0,3,3,1,2,2,1,1,0,0,0,1,1,0
7816,0,2,0,1,0,0,0,5,5,0,0,0,1,4,4,0
7853,3,5,0,0,7,4,15,4,5,0,1,0,6,4,1,1
7870,0,2,0,1,0,0,2,3,2,0,1,2,0,3,0,2
7872,2,1,0,2,4,0,0,0,4,0,1,2,1,8,2,0
7882,0,1,0,2,3,0,2,3,1,0,0,5,1,1,1,3
7894,0,3,4,0,1,0,0,2,2,0,1,2,4,1,1,3
7918,0,0,0,9,7,0,7,1,3,0,0,0,1,4,0,0
7943,0,4,0,0,0,0,1,1,0,1,0,1,0,0,2,0
8009,4,1,0,1,6,0,11,2,1,0,0,0,0,2,1,1
8010,4,5,4,1,10,0,4,5,4,0,1,1,3,3,3,2
8012,4,0,1,0,4,0,1,0,0,1,3,3,4,5,1,0
8013,6,3,0,3,7,0,1,0,3,0,1,3,3,7,1,1
8015,4,7,1,9,19,0,3,0,2,1,0,1,1,2,2,0
8045,1,1,0,1,2,0,0,2,0,1,1,1,0,2,1,1
8074,0,0,0,1,1,0,1,4,1,0,0,2,0,5,0,0
8094,1,4,0,1,1,0,0,1,2,0,0,0,0,3,2,0
8097,8,2,1,1,2,0,1,2,4,0,1,2,1,3,0,0
8133,1,6,2,1,4,0,3,2,0,2,0,2,2,1,3,0
8249,10,2,2,1,2,3,3,1,3,1,0,1,0,3,1,0
8273,1,0,0,0,0,0,0,3,1,1,0,1,0,0,0,1
8297,0,2,0,0,1,0,0,2,2,0,1,0,0,2,1,0
8305,0,5,0,2,5,0,8,3,5,0,1,0,0,9,0,1
8350,0,1,0,0,1,0,0,1,0,0,0,2,0,1,0,2
8355,7,0,0,3,5,0,3,2,3,0,2,2,0,3,0,2
8368,4,0,0,1,3,0,0,5,5,0,1,4,3,3,1,2
8432,5,3,0,0,5,0,3,0,2,3,5,4,2,16,0,1
8474,3,1,3,0,0,0,0,0,2,0,0,0,1,0,2,0
8475,3,0,0,1,3,0,1,0,3,1,0,0,1,1,0,1
8477,0,3,2,0,1,0,1,1,2,1,0,1,1,1,2,1
8482,9,1,1,1,2,0,1,0,1,1,0,1,0,2,0,2
8498,8,1,0,3,7,0,0,2,7,1,3,0,2,2,3,1
8596,0,0,0,0,2,0,0,1,8,0,0,1,1,4,2,0
8715,5,5,0,3,4,0,1,2,1,0,0,3,0,1,0,2
8720,4,3,0,3,5,0,2,6,5,3,0,1,0,2,0,0
8724,2,1,0,7,8,0,10,3,0,0,0,2,0,2,0,1
8731,2,0,1,1,4,0,0,2,3,0,2,3,1,1,0,0
8783,1,1,0,0,0,0,4,3,2,1,2,1,1,2,11,1
8857,1,2,1,4,6,0,2,3,3,0,0,1,0,2,1,0
8879,0,5,2,0,1,0,0,3,4,0,2,1,2,1,4,1
8928,0,0,0,0,1,0,5,0,2,0,2,1,0,1,0,0
8944,2,1,0,0,2,0,2,0,1,1,1,3,0,1,0,2
8991,1,1,1,0,1,0,1,0,3,0,1,0,1,0,10,1
9002,1,1,1,2,1,0,3,0,1,2,5,1,0,2,4,0
9005,2,1,3,2,1,0,2,0,3,0,0,0,1,2,2,1
9080,2,1,0,0,1,0,2,0,3,0,1,0,0,1,1,1
9201,0,2,0,0,0,1,0,1,1,1,0,0,0,2,0,0
9219,0,2,0,0,0,1,0,1,1,1,0,0,0,2,0,0
9231,5,4,1,0,3,1,2,2,8,0,0,0,0,2,6,0
9251,4,0,0,1,1,0,0,2,1,0,1,1,0,1,0,1
9264,1,4,0,0,3,0,2,2,1,0,0,2,0,1,1,1
9278,0,0,0,0,0,0,3,0,0,0,1,0,1,3,0,0
9365,6,3,2,0,9,0,1,0,4,2,1,0,3,1,1,2
9380,1,0,2,4,3,1,3,3,2,0,0,0,3,0,0,3
9381,6,1,1,2,7,0,1,0,2,0,1,0,0,1,0,0
9687,1,0,0,1,0,0,2,2,2,0,2,0,0,2,1,0
9712,9,3,1,1,1,0,2,3,3,2,1,4,0,1,2,5
9719,0,0,6,1,11,0,5,6,1,0,0,1,1,1,1,1
9724,14,2,2,1,7,0,2,2,6,1,4,3,0,11,0,0
9753,9,5,3,9,13,1,15,2,1,1,1,2,2,4,2,0
9773,1,2,0,2,6,0,1,0,4,0,1,2,2,1,1,0
9774,0,1,0,7,1,0,11,1,5,0,0,1,0,0,0,1
9776,5,2,0,1,5,0,1,2,1,2,1,8,2,6,0,2
9777,1,0,2,0,7,0,3,4,3,0,1,1,2,2,2,0
9779,6,6,1,2,4,0,0,2,3,0,2,0,0,1,0,0
9780,2,2,0,3,5,0,1,1,0,0,1,0,0,1,0,1
9806,0,7,0,2,7,0,1,0,3,0,0,5,1,6,1,1
9832,1,0,0,0,1,0,1,4,2,0,1,1,2,2,1,0
9877,1,2,2,0,1,1,0,0,1,1,0,0,0,1,5,0
9895,5,3,4,3,7,8,6,2,3,0,2,1,1,3,1,1
10011,0,2,0,1,0,0,5,1,0,0,0,2,0,4,0,1
10048,2,0,1,5,4,0,11,2,1,1,0,1,0,5,0,1
10095,2,3,0,0,2,0,2,7,1,2,10,0,1,8,1,1
10144,2,2,1,2,6,0,3,0,2,0,0,0,1,0,2,0
10181,0,2,0,1,1,0,2,2,0,0,0,2,1,9,3,2
10185,1,0,0,2,1,0,2,3,0,0,0,0,0,0,0,0
10187,0,0,0,0,2,0,5,3,6,1,0,1,4,3,8,0
10212,2,0,1,1,9,0,1,1,4,0,0,0,1,0,0,1
10232,8,6,4,10,20,0,6,2,15,0,1,1,0,3,0,1
10269,1,8,1,0,3,0,1,0,6,0,0,1,3,2,3,1
10293,4,5,0,0,5,0,1,0,5,0,7,9,4,25,1,0
10331,1,2,0,0,1,1,0,0,0,0,0,1,0,1,0,1
10333,1,0,0,5,4,5,8,4,2,0,1,1,0,4,0,2
10379,2,2,0,2,2,0,3,2,0,2,5,2,0,2,0,3
10387,1,2,1,0,1,0,1,0,4,0,1,2,3,9,1,0
10598,4,1,2,3,3,0,2,2,1,0,0,1,3,1,4,0
10712,0,0,0,0,0,0,0,1,0,0,0,0,0,2,0,0
10730,4,0,0,2,6,0,3,4,3,1,1,2,0,3,0,3
10821,1,0,0,1,0,0,1,1,0,0,0,0,0,0,0,0
10857,3,0,0,0,4,0,1,0,3,1,2,10,0,9,0,1
10893,0,1,0,0,9,0,0,3,3,0,0,0,0,1,0,0
10894,3,1,4,2,5,4,5,0,1,0,1,1,4,0,0,0
10911,9,2,2,4,14,0,7,1,5,1,2,0,2,2,1,7
10922,0,1,0,0,5,0,1,0,0,0,0,1,0,0,0,0
10928,12,5,5,6,15,0,2,0,5,1,2,2,2,3,2,1
10929,0,3,0,12,6,2,11,0,4,0,0,4,0,3,0,0
10938,3,1,0,4,5,0,2,3,0,1,0,0,0,2,0,0
10949,0,1,0,1,3,0,1,1,4,0,0,0,0,0,0,0
10957,1,0,2,1,1,2,1,2,3,0,3,0,1,1,1,1
11152,9,1,0,1,8,0,5,2,2,4,2,2,0,5,1,1
11290,5,2,0,8,10,0,5,1,4,0,1,1,4,3,1,0
11300,5,1,3,11,18,2,4,4,3,0,0,4,4,4,0,2
11398,0,0,0,1,4,0,4,6,2,0,0,0,1,1,0,0
11523,0,0,0,9,6,4,6,3,7,0,0,2,3,6,1,2
11590,0,1,0,0,0,0,0,0,2,0,1,2,0,3,3,1
11653,2,1,5,1,3,0,6,4,4,1,0,1,1,1,4,0
11672,1,0,0,0,0,0,2,2,0,0,0,1,0,0,0,0
11687,2,1,1,2,5,0,6,1,1,0,1,0,0,2,0,0
11699,7,2,1,5,5,0,6,2,1,0,0,4,1,1,2,1
11702,19,3,0,0,17,0,6,1,1,7,0,4,1,12,6,3
11734,1,1,0,1,2,0,2,3,2,1,6,2,0,3,0,0
11792,0,2,2,2,1,0,1,2,3,0,1,2,4,5,0,3
11851,5,1,2,0,4,1,2,2,5,0,3,3,2,3,1,0
11893,0,0,0,0,2,0,0,1,2,1,1,1,0,0,0,1
11898,2,1,0,1,1,0,3,3,3,1,1,1,1,2,0,0
11899,1,0,0,2,2,0,0,2,0,0,0,0,1,0,0,2
11922,2,2,2,0,1,0,4,0,2,0,1,1,2,1,0,2
11958,1,0,1,2,1,0,4,4,3,0,0,1,1,1,0,1
11970,1,0,0,0,1,0,0,1,0,0,0,0,0,1,0,0
12013,6,1,0,5,10,0,9,0,11,1,2,6,4,9,0,2
12039,2,1,0,0,1,0,0,1,9,0,4,2,0,2,0,0
12107,6,2,0,4,6,0,3,3,1,1,1,2,1,2,5,1
12119,7,4,2,4,7,0,9,2,7,0,11,5,1,5,2,2
12151,2,0,0,3,2,0,12,10,6,0,1,0,2,7,0,1
12168,2,7,0,0,6,0,0,2,3,0,0,2,0,2,3,0
12183,0,0,0,0,0,0,1,3,3,0,0,1,0,0,0,0
12223,0,0,0,0,0,0,2,1,4,0,1,1,1,3,4,0
12329,0,0,0,0,0,0,0,1,2,1,0,0,0,1,0,0
12384,0,2,0,1,2,0,0,2,2,0,0,0,0,2,1,0
12399,2,0,0,0,2,0,4,0,4,0,3,3,0,4,0,0
12424,8,0,1,1,7,0,5,0,3,4,1,0,0,9,0,0
12469,10,5,2,11,9,2,17,2,3,0,1,3,2,1,0,2
12663,0,0,0,0,0,0,5,2,2,1,0,3,5,3,0,0
12682,2,0,0,3,2,0,2,2,0,0,1,2,0,1,0,1
12698,2,2,1,1,5,0,4,1,6,0,3,1,5,7,0,0
12699,3,4,1,9,9,0,10,4,2,0,1,1,0,2,0,0
12706,4,2,2,1,4,0,0,3,4,0,1,0,0,0,0,0
12723,9,0,2,0,10,1,4,0,5,4,0,5,1,6,1,0
12854,1,0,0,2,1,0,7,3,2,0,1,1,0,4,0,1
12868,1,2,0,1,1,0,4,0,3,1,0,1,1,6,1,0
12930,0,0,0,1,1,0,4,8,5,0,1,0,0,2,0,0
12937,3,4,3,1,7,2,9,3,2,4,6,2,0,3,3,1
13039,8,3,0,0,5,0,4,4,4,2,6,4,0,10,0,3
13046,2,1,1,3,5,1,2,3,2,0,2,1,0,0,1,1
13099,1,5,0,0,4,0,0,0,0,0,2,3,0,1,1,0
13152,0,0,0,0,0,0,2,1,0,2,0,7,0,0,0,2
13194,5,3,1,1,3,0,6,0,1,0,2,4,1,4,0,2
13353,0,1,1,0,2,0,1,2,2,0,1,0,0,3,1,0
13381,1,1,0,0,2,0,2,0,4,0,0,0,2,1,0,2
13426,0,0,0,2,0,0,6,5,7,0,2,3,1,1,0,1
13429,1,4,3,1,5,1,7,0,3,0,0,0,2,0,0,2
13433,2,0,2,0,3,0,4,3,0,0,0,2,2,1,0,2
13438,3,1,0,0,3,0,2,0,0,1,1,0,1,3,1,1
13466,0,2,5,1,1,0,5,0,2,0,3,4,0,2,0,1
13541,4,0,1,1,1,0,2,2,3,0,1,2,2,4,0,1
13556,1,3,0,3,3,0,2,0,1,0,3,5,1,5,1,2
13570,0,0,1,1,1,0,1,0,2,0,0,3,2,0,3,0
13630,0,1,1,0,0,0,1,1,2,0,3,0,1,2,0,0
13663,2,1,0,0,5,2,2,1,3,0,5,2,0,1,1,1
13678,8,2,1,1,7,0,12,9,3,2,2,0,2,6,1,0
13723,0,2,0,0,0,0,0,1,0,0,0,0,0,2,0,0
13729,5,0,4,4,5,0,3,2,4,0,0,2,0,7,1,1
13735,10,3,2,0,8,0,4,0,2,2,0,6,1,4,0,3
13767,0,0,0,2,3,1,8,1,2,0,2,5,0,4,0,3
13793,10,0,2,0,3,0,5,3,2,0,0,2,4,7,0,0
13940,1,0,0,0,2,2,3,2,0,0,0,0,0,0,0,0
13980,4,0,0,0,3,0,4,5,0,2,2,0,0,3,1,0
13999,9,0,0,2,8,0,2,1,6,1,1,2,0,16,0,1
14017,4,0,0,1,3,0,5,2,0,0,0,1,0,1,0,0
14156,1,0,0,0,1,0,2,0,1,0,0,1,0,1,0,1
14220,14,0,2,8,14,0,9,1,5,1,5,8,0,2,1,2
14251,2,0,2,0,1,0,2,0,0,0,0,2,1,1,1,1
14463,6,0,0,0,3,0,4,1,1,2,1,1,0,4,0,0
14465,6,0,2,0,3,0,5,4,0,1,1,2,0,0,0,4
14525,14,2,0,1,12,0,4,1,10,1,3,6,2,15,0,1
14768,1,0,1,0,1,0,0,2,3,0,0,1,3,2,4,1
14879,3,9,2,3,6,0,9,2,5,1,2,1,1,4,3,0
14914,0,0,1,0,0,0,3,0,2,0,3,3,2,1,0,0
14918,4,0,4,1,3,0,2,1,3,0,1,1,1,2,1,1
14947,1,1,2,0,1,0,1,0,0,0,6,0,2,2,1,1
14961,0,1,0,1,2,0,3,2,2,0,2,2,0,2,0,1
14963,0,0,1,1,9,0,1,3,1,0,0,1,1,0,1,0
14964,2,2,1,0,2,0,1,0,1,0,0,1,3,1,2,1
14967,2,3,0,1,3,0,11,1,1,0,0,0,0,2,0,4
14974,3,0,0,1,2,0,1,0,3,0,0,0,0,1,2,1
14987,0,1,0,1,2,0,1,1,0,0,1,0,0,0,0,0
15042,0,0,0,0,3,0,1,0,2,0,0,1,1,3,0,0
15049,15,1,0,2,14,0,2,3,4,2,1,0,0,2,0,0
15136,0,7,0,0,1,0,0,2,0,0,1,1,0,5,3,0
15155,0,4,0,1,0,0,0,2,0,0,0,0,0,2,0,0
15263,1,2,0,0,2,0,0,2,2,0,2,6,1,1,1,1
15280,1,2,1,2,3,0,0,2,2,0,0,1,2,1,0,2
15390,2,2,0,0,1,0,1,0,1,7,2,4,0,0,0,3
15418,2,1,0,1,4,0,1,4,3,0,0,2,0,4,0,1
15504,0,2,1,0,1,0,1,0,0,0,2,1,1,1,6,1
15532,2,0,0,2,2,0,2,3,0,0,0,0,0,0,0,0
15635,0,1,0,6,11,0,0,0,0,0,0,0,2,0,1,0
15650,0,5,0,0,0,0,1,1,3,0,3,1,0,7,2,0
15675,3,2,2,3,5,1,6,2,5,1,0,0,0,5,0,0
15716,3,0,0,0,1,0,1,2,0,0,3,2,1,6,1,2
15725,0,1,0,0,2,0,0,4,1,0,1,2,0,0,2,1
15805,1,1,0,0,1,0,0,2,4,2,1,2,0,2,2,1
15870,2,1,0,0,4,1,5,2,10,1,4,4,6,4,0,1
15980,3,0,0,0,1,0,2,1,0,2,1,0,0,0,0,0
16017,0,4,0,2,1,0,2,7,6,1,3,5,2,5,1,3
16174,0,2,0,1,5,0,1,0,3,1,4,0,1,3,4,0
16309,0,8,0,1,8,3,1,0,6,1,0,0,0,13,0,0
16310,4,1,0,2,6,0,1,1,2,1,2,4,1,5,0,1
16374,1,4,0,3,1,0,12,7,2,0,7,5,3,4,1,0
16379,2,0,1,1,1,0,1,2,0,1,2,5,0,2,0,2
16442,9,2,4,2,6,0,4,3,4,1,3,0,3,1,0,0
16527,1,2,0,0,0,0,3,1,0,1,0,0,0,0,1,0
16535,5,1,1,0,3,0,3,2,6,3,0,3,6,4,2,4
16536,0,1,0,1,1,0,7,1,2,6,2,1,1,4,0,0
16559,3,0,0,2,3,0,2,4,3,0,0,1,0,1,0,0
16654,1,1,2,0,2,0,0,0,3,2,1,0,1,0,1,1
16672,4,0,0,3,2,0,9,6,4,1,0,2,2,4,1,0
16728,1,0,0,1,1,0,0,2,1,0,0,3,0,1,0,2
16769,3,2,2,2,3,0,13,6,2,2,2,3,0,2,2,0
16794,1,0,0,1,3,0,1,2,0,0,0,3,0,1,0,2
16827,3,0,1,3,5,0,5,3,0,1,0,1,0,2,0,0
16830,0,5,0,0,4,0,4,0,2,1,1,5,0,5,2,4
16869,4,1,0,0,0,0,4,1,2,3,0,0,1,4,0,0
16927,4,0,1,3,4,0,4,3,1,2,0,2,1,3,1,0
16958,2,1,2,1,3,0,15,5,2,1,8,6,0,16,0,1
17196,4,0,0,4,5,1,15,0,1,0,0,0,0,0,0,2
17202,6,1,0,0,5,0,2,2,3,0,2,1,0,5,0,0
17315,7,3,2,1,6,0,2,0,3,1,0,3,4,4,0,2
17358,5,6,2,2,4,0,2,0,1,1,2,2,0,1,8,2
17426,1,3,0,1,1,0,0,2,2,0,0,0,0,1,0,0
17480,8,1,0,1,0,1,1,0,2,0,0,1,0,2,0,0
17482,1,0,0,3,3,0,8,7,4,1,8,4,3,5,0,2
17483,2,0,0,2,0,0,3,4,0,0,0,5,0,0,0,0
17485,4,1,0,3,4,0,10,2,4,1,0,1,4,4,2,2
17488,2,0,0,2,0,0,0,4,3,1,3,3,1,3,0,0
17497,3,0,0,2,4,0,6,4,4,0,0,0,1,1,0,0
17508,0,0,0,0,1,0,1,2,0,0,1,0,0,2,0,0
17510,1,1,1,4,2,0,11,7,4,1,4,3,4,5,1,3
17547,12,3,6,8,20,0,1,1,13,0,6,3,6,2,3,1
17652,0,0,0,0,0,0,2,3,1,0,0,2,0,3,0,1
17692,1,0,0,0,2,0,2,2,6,0,1,3,4,2,0,2
17720,1,1,0,0,0,0,1,1,1,0,1,1,4,0,3,1
17894,1,0,1,1,1,0,3,3,1,2,1,1,1,1,1,0
17916,14,2,1,2,11,0,6,0,3,1,3,3,1,4,0,3
17947,1,0,0,0,1,0,2,1,1,0,0,0,0,1,0,0
17973,8,1,0,1,8,0,6,4,3,1,2,3,2,6,0,3
17976,11,0,0,1,5,0,11,0,1,8,0,1,0,5,0,2
18021,2,0,0,0,3,0,7,0,0,1,2,3,0,5,0,3
18034,15,1,2,10,17,0,7,1,2,2,5,3,2,6,2,1
18137,11,0,0,0,1,0,1,0,1,0,0,6,0,4,0,0
18143,0,2,0,4,4,0,6,6,3,0,2,0,0,4,3,1
18150,6,1,0,1,5,0,1,1,5,0,2,2,2,2,0,2
18178,2,1,1,13,16,0,3,0,1,0,4,3,1,3,5,1
18226,0,0,0,1,2,0,0,3,2,0,0,0,0,2,2,0
18256,10,1,0,1,9,0,2,0,5,0,2,4,0,4,0,0
18324,6,3,0,0,12,0,1,0,0,5,0,3,0,3,0,0
18325,9,1,0,0,10,0,1,2,8,2,1,2,1,22,0,0
18362,1,14,0,1,5,0,4,2,4,3,1,1,0,4,4,0
18381,0,0,0,0,0,0,0,2,1,1,1,0,0,2,0,0
18393,10,3,0,1,3,0,5,0,3,3,1,1,1,5,0,1
18395,1,2,4,1,2,1,2,4,5,0,0,2,2,0,3,3
18404,0,2,0,0,6,0,0,0,5,0,1,0,0,0,0,0
18446,3,0,0,0,5,0,1,3,5,1,1,2,0,2,3,1
18493,0,1,0,1,3,0,5,1,16,1,1,3,4,7,1,3
18508,0,0,0,1,1,0,1,4,5,0,0,1,0,1,0,0
18536,2,0,1,0,2,0,2,2,4,0,1,0,1,3,0,0
18577,1,4,0,0,4,0,0,0,0,0,0,0,0,1,2,1
18634,0,1,2,0,2,1,2,2,3,0,1,0,3,0,1,2
18739,6,1,1,2,7,0,4,3,4,1,1,0,1,3,3,0
18768,0,0,1,0,0,0,0,1,0,0,0,0,0,1,0,0
18770,0,1,0,0,0,0,0,2,1,0,0,1,0,0,0,2
18775,3,4,0,6,7,0,2,2,3,1,2,5,2,1,4,5
18833,2,2,0,0,5,0,1,1,3,0,2,1,1,4,2,2
18834,2,0,0,1,4,0,2,1,2,0,2,4,0,7,0,3
18857,1,7,0,0,3,0,0,0,5,1,0,2,0,12,3,0
18873,2,1,1,4,6,0,6,3,7,1,4,3,3,7,3,3
18888,2,3,1,5,6,0,12,1,6,0,3,1,3,5,1,1
18910,1,5,0,2,3,0,1,2,0,0,0,2,1,3,0,5
18956,2,0,1,5,4,0,2,2,2,0,0,0,1,0,0,0
19020,1,0,0,0,1,0,2,2,8,0,1,1,2,5,0,1
19037,0,5,0,0,5,0,0,1,6,1,0,4,2,4,0,0
19045,1,0,0,0,3,0,0,2,1,0,0,2,1,3,1,0
19046,2,5,0,2,4,0,0,1,3,0,0,0,0,5,3,0
19061,7,2,2,6,4,2,13,3,5,0,2,2,0,1,1,0
19068,1,1,0,0,4,0,9,0,10,1,2,1,8,3,0,1
19078,2,0,0,0,2,0,1,0,2,0,5,4,2,8,0,0
19096,4,0,1,3,12,0,0,5,7,0,0,2,3,0,0,2
19138,1,0,1,0,1,0,7,1,7,0,2,0,2,1,0,1
19170,0,0,0,0,0,0,1,0,2,0,0,3,1,4,2,1
19172,4,3,1,7,12,0,2,1,2,2,2,0,0,1,0,0
19175,2,0,1,0,1,0,1,1,1,0,0,2,1,2,7,0
19196,5,1,1,5,5,0,3,5,3,3,0,0,0,1,0,0
19202,4,0,0,7,8,1,3,5,3,0,2,0,0,1,3,0
19206,5,3,0,2,5,0,5,3,1,2,2,3,0,3,0,1
19214,4,1,0,2,11,0,2,2,3,0,10,5,4,5,1,2
19234,1,2,0,0,1,0,0,0,0,0,1,0,0,1,0,0
19235,10,3,0,2,5,0,9,5,5,1,2,4,2,4,0,3
19252,2,1,0,0,5,0,1,2,4,0,2,5,0,4,6,4
19275,7,0,1,4,5,0,11,6,1,2,0,4,0,4,0,0
19288,4,5,0,5,11,0,4,3,3,0,1,0,1,2,2,1
19321,0,0,0,2,4,0,10,11,4,0,0,1,1,2,2,0
19323,11,2,0,3,7,1,8,2,7,2,1,2,0,6,0,0
19357,3,1,4,0,1,0,5,1,6,0,11,2,1,2,3,0
19362,0,0,0,0,1,0,5,21,6,0,1,1,2,2,2,1
19418,5,0,0,1,4,0,8,5,1,0,0,3,2,5,0,0
19419,2,0,0,0,4,0,7,5,5,0,0,1,0,5,0,1
19426,4,1,0,0,1,0,1,3,3,0,0,3,0,0,1,2
19495,2,1,1,3,7,2,6,4,3,1,3,1,2,4,0,2
19526,1,1,0,7,12,9,8,0,9,0,2,0,5,2,1,3
19533,6,2,0,5,12,0,5,0,2,2,0,5,0,2,1,2
19538,2,0,3,0,1,0,4,2,3,6,0,0,1,2,1,0
19551,8,1,0,1,7,0,7,9,6,0,2,3,1,6,0,1
19561,12,3,2,0,5,0,3,2,10,0,0,1,4,3,3,1
19604,2,8,0,0,4,0,0,3,3,0,1,0,1,1,0,0
19625,1,1,0,8,6,0,2,2,2,0,0,2,3,4,0,3
19643,3,0,0,1,4,0,1,2,2,1,0,0,0,3,0,0
19687,1,0,0,0,2,0,2,1,1,0,0,0,1,3,0,0
19738,1,0,0,3,4,0,0,3,3,1,1,4,0,2,0,2
19802,3,0,0,1,0,0,1,1,2,0,2,0,2,5,0,2
19803,0,4,0,2,8,0,0,3,2,0,1,2,0,4,2,1
19822,5,3,1,2,5,0,7,2,12,0,0,3,0,8,0,1
19839,1,0,0,1,2,0,6,8,1,0,1,0,0,2,0,0
19861,3,3,1,9,9,0,4,1,3,1,0,0,1,2,1,0
19922,0,3,0,0,2,0,1,1,3,0,0,1,0,6,1,0
19939,7,1,1,1,7,0,1,1,3,0,1,1,4,8,2,0
19977,0,0,0,3,0,0,19,5,0,0,0,0,0,0,0,0
20039,1,1,0,0,2,0,0,4,4,2,0,1,0,2,0,1
20052,1,0,0,0,0,0,0,1,0,0,0,0,0,0,0,0
20062,1,0,0,2,1,0,4,3,0,0,1,1,0,0,0,1
20166,0,0,0,0,2,0,6,4,4,0,1,3,0,1,1,0
20193,0,1,0,0,1,0,2,4,0,0,1,2,1,3,5,1
20218,5,0,0,0,4,0,9,5,2,0,0,1,1,2,1,4
20228,0,2,0,0,3,0,1,3,1,0,1,2,0,1,0,0
20373,0,3,0,0,0,0,0,0,0,0,1,0,0,1,0,0
20514,1,6,0,4,4,0,4,1,2,0,0,3,0,7,0,1
20515,7,0,1,4,9,0,2,1,2,0,0,0,1,2,0,2
20563,0,0,0,0,1,0,0,0,1,0,0,0,0,0,0,0
20575,7,2,4,2,0,0,3,3,2,1,3,1,3,2,1,0
20668,4,0,2,0,2,0,5,3,4,0,1,0,3,2,0,1
20690,1,1,0,0,1,0,0,2,1,0,1,1,1,3,0,2
20737,11,3,0,2,10,0,1,0,6,1,1,4,0,3,0,2
20804,2,0,0,0,1,0,2,2,4,1,0,1,0,3,0,0
20869,1,0,0,2,2,0,0,1,2,0,0,2,0,2,2,0
20872,0,3,0,0,1,0,0,1,0,1,1,1,0,2,1,0
20964,1,0,0,0,1,0,0,1,0,0,0,1,0,0,0,0
21007,1,0,0,1,1,0,12,0,0,0,0,0,0,2,0,0
21021,6,3,3,0,5,0,1,1,5,0,1,4,4,7,1,2
21040,0,1,0,0,0,0,1,0,1,1,4,2,0,2,0,0
21064,0,1,0,5,6,0,13,1,9,0,0,1,3,0,0,10
21080,6,6,0,11,24,2,5,1,2,0,0,0,0,6,0,0
21130,0,0,0,0,1,0,0,0,0,0,1,0,0,1,1,0
21167,3,0,0,3,5,0,2,1,1,0,7,1,0,1,7,0
21223,3,1,0,3,3,0,11,5,4,0,1,4,0,5,2,3
21270,0,0,1,0,0,0,0,1,0,0,0,0,0,1,0,0
21317,0,1,1,6,5,1,2,1,0,1,0,1,1,0,0,0
21328,2,1,1,2,4,0,3,0,2,0,0,1,1,0,1,3
21336,9,2,0,8,12,0,3,2,3,0,0,3,0,5,2,1
21423,2,0,0,0,1,0,2,1,3,0,2,1,1,2,0,1
21724,9,2,0,3,6,0,4,2,3,2,2,6,0,7,0,0
21742,4,1,0,0,4,0,5,0,1,0,1,1,0,5,1,0
21759,2,0,0,0,1,0,0,2,1,0,0,0,0,0,1,0
21850,2,0,0,0,2,0,4,1,1,0,0,0,0,1,0,0
21892,1,0,1,0,3,0,0,0,0,0,1,5,3,0,1,1
21901,0,0,2,0,0,1,3,0,2,0,0,0,0,1,1,0
21911,12,1,3,4,8,0,3,1,3,4,4,0,1,1,1,0
21953,7,1,1,2,3,0,14,0,2,0,9,12,0,10,1,2
21974,0,7,3,0,4,3,0,0,6,0,0,0,1,2,1,0
21994,3,1,1,9,13,1,2,11,3,0,4,0,0,2,3,0
22100,2,0,0,0,4,0,0,5,3,1,0,2,2,1,0,2
22103,4,1,0,1,7,0,3,1,4,0,0,0,0,0,0,1
22124,0,6,0,0,4,0,0,0,2,0,1,0,0,6,1,0
22150,0,2,0,1,1,0,2,1,0,0,1,3,1,1,0,2
22152,1,2,0,0,2,0,6,0,9,0,0,0,10,2,0,0
22189,4,0,0,2,0,0,6,5,0,1,1,2,0,1,0,2
22209,1,3,0,1,3,0,4,3,4,0,3,2,0,5,1,2
22233,0,0,0,0,1,0,0,3,0,0,1,0,0,0,1,1
22492,0,1,2,0,0,0,1,0,1,0,0,1,4,2,1,0
22503,0,1,1,9,6,0,6,2,5,0,0,1,2,1,2,2
22516,1,0,0,0,2,0,4,0,3,0,4,4,0,10,0,3
22525,1,4,2,5,11,0,3,1,3,0,1,0,0,0,2,2
22567,0,0,0,0,2,0,3,5,0,0,3,4,0,1,0,1
22588,2,0,4,1,3,2,5,7,3,0,1,0,1,1,0,0
22648,9,3,1,0,7,0,3,0,4,2,0,3,5,5,1,1
22652,5,1,2,1,4,0,6,4,3,0,4,1,0,3,0,1
22661,0,0,0,0,0,0,1,0,7,0,1,0,2,4,1,0
22665,0,1,3,4,3,0,5,0,5,0,0,1,6,2,1,6
22690,0,2,2,1,9,0,1,3,2,0,0,2,2,1,1,0
22789,6,0,0,2,7,0,1,2,6,3,0,0,1,2,0,1
22852,0,2,0,0,7,0,3,5,3,0,12,4,2,8,9,1
22897,9,1,2,1,6,0,13,6,4,6,3,3,3,4,0,1
22901,0,2,2,1,4,0,1,0,5,1,0,3,5,4,0,4
22987,3,2,0,1,5,0,8,5,7,1,6,1,2,5,0,0
22994,2,0,2,3,2,1,1,3,3,1,0,3,0,0,0,1
23055,2,8,0,1,6,0,1,0,1,0,1,0,0,3,0,0
23057,1,0,3,0,0,0,0,0,2,0,0,0,2,1,1,1
23084,1,0,0,0,4,0,2,3,2,0,0,1,0,4,3,1
23144,3,0,1,1,1,0,4,2,2,0,0,0,2,3,0,0
23153,5,0,0,0,4,0,7,8,4,4,4,1,0,2,0,0
23157,0,4,5,1,1,2,2,1,4,0,1,0,4,3,2,1
23177,1,0,0,0,1,0,0,0,1,1,1,4,4,3,0,3
23180,3,5,0,0,3,0,2,0,1,2,1,1,1,9,3,1
23255,4,4,0,3,8,4,3,2,3,0,0,1,0,4,0,1
23322,0,0,4,1,0,1,0,0,3,0,1,1,3,0,0,0
23329,4,0,1,0,3,1,0,1,5,0,2,2,0,3,0,2
23351,1,0,1,2,7,8,5,1,3,0,0,0,0,1,1,0
23352,1,0,0,0,1,0,1,0,1,1,0,1,0,2,0,0
23370,0,0,0,3,2,0,5,1,0,2,1,3,0,3,1,2
23485,4,2,1,3,4,0,4,4,1,0,1,0,1,0,3,0
23540,0,3,0,0,1,0,1,2,2,2,2,3,0,3,0,2
23553,4,0,0,2,5,0,4,3,5,1,1,3,2,3,2,1
23572,3,2,1,3,4,0,13,0,7,1,6,1,1,4,0,0
23641,1,1,0,0,1,0,0,0,0,0,0,0,0,0,1,0
23712,1,1,3,2,0,0,1,1,3,0,1,1,2,0,3,0
23742,0,0,0,0,2,1,0,2,2,0,0,4,0,1,1,2
23772,7,0,2,3,4,0,9,1,3,5,0,1,4,3,1,2
23802,0,0,0,0,1,0,0,2,5,0,1,1,1,2,0,1
23807,2,3,0,2,0,0,2,1,0,0,0,0,1,0,2,0
23812,1,3,0,2,2,0,0,1,2,1,12,8,1,5,0,0
23823,1,1,0,0,2,0,4,9,9,1,1,3,1,5,0,2
23913,0,4,0,0,2,0,1,2,5,2,2,1,0,4,5,1
23937,7,2,0,0,4,0,0,4,2,0,0,1,0,2,2,0
24107,2,1,0,1,4,0,1,2,5,5,2,5,1,1,0,1
24165,0,1,0,2,3,2,4,4,9,0,1,3,0,1,4,1
24254,1,0,0,0,3,0,8,4,5,0,2,2,0,4,1,0
24262,5,0,0,7,10,0,2,1,1,0,0,2,2,3,0,1
24276,0,0,0,0,0,0,0,0,0,0,0,0,0,0,1,0
24279,0,2,2,0,1,1,0,0,1,0,0,1,2,1,0,0
24318,1,0,0,1,2,0,2,7,1,0,0,0,0,1,0,0
24355,2,0,0,1,3,0,5,20,4,0,0,0,0,3,0,0
24385,6,0,0,2,2,0,8,3,1,2,0,0,1,1,0,1
24439,3,1,0,5,3,0,8,2,2,0,2,3,0,3,0,0
24448,3,0,0,1,3,0,3,0,2,0,0,0,0,2,2,2
24463,2,2,0,8,7,0,7,1,1,1,0,0,1,1,1,0
24468,3,0,2,0,0,1,0,1,4,0,1,2,2,1,1,1
24481,1,2,0,2,1,0,0,2,1,1,0,0,0,0,1,0
24615,0,0,0,0,0,0,5,0,5,1,0,2,0,4,0,1
24623,5,1,1,1,5,0,2,0,3,0,0,3,1,4,1,1
24630,0,0,0,3,5,0,2,1,7,3,1,5,1,2,0,2
24639,1,2,0,2,6,0,2,2,4,2,2,4,1,2,3,1
24641,0,0,0,1,4,0,0,2,7,1,1,7,5,7,1,0
24705,6,0,0,1,2,0,4,1,4,3,4,5,0,4,0,3
24741,2,0,0,0,0,0,4,2,2,0,0,1,0,0,0,0
24793,1,0,0,1,1,0,2,6,3,0,0,0,0,0,0,0
24839,3,0,0,1,1,0,1,0,1,1,0,0,0,0,0,0
24845,2,6,2,4,2,0,0,0,1,0,2,2,3,1,1,5
24866,8,0,2,2,2,1,3,3,5,0,2,3,2,3,2,5
24872,4,3,0,1,4,0,5,1,5,5,2,1,5,3,1,2
24921,1,0,4,0,3,1,0,6,3,0,0,1,1,1,0,4
24927,2,1,0,6,5,1,3,4,2,1,1,2,1,6,1,2
24957,3,0,4,1,2,0,2,0,1,1,0,1,4,1,0,4
24964,13,1,0,4,8,0,16,3,7,4,1,5,1,2,0,0
25003,6,1,0,1,10,0,0,0,4,0,2,3,0,0,0,1
25052,1,0,0,0,2,0,2,7,2,0,1,2,0,1,3,0
25069,5,1,0,1,6,0,6,3,3,6,0,3,4,4,0,1
25122,2,1,1,2,7,0,4,4,1,0,1,0,1,1,1,0
25195,5,0,1,0,4,0,6,5,1,1,6,1,1,4,0,1
25242,2,1,1,1,4,0,7,2,4,1,3,0,1,1,1,0
25266,7,2,2,8,9,2,2,3,4,0,0,1,0,3,2,1
25288,8,6,1,0,8,0,1,0,2,0,0,1,0,7,0,0
25390,2,3,0,1,5,0,0,2,4,0,2,1,1,1,1,0
25427,4,3,1,0,4,0,4,0,5,1,3,1,1,8,1,1
25449,0,2,2,1,4,0,1,2,0,0,0,2,1,0,0,1
25478,3,0,3,1,4,1,2,3,2,0,1,1,2,2,1,3
25570,0,1,0,5,7,6,12,6,2,0,1,2,1,4,4,0
25596,0,0,0,0,0,0,0,1,0,0,0,0,0,0,1,0
25663,1,0,0,0,0,0,0,0,1,0,0,3,0,1,0,3
25717,1,3,0,2,4,0,2,5,4,0,1,1,0,4,2,0
25754,8,4,0,13,23,0,2,1,4,1,1,4,0,3,2,1
25759,2,1,0,0,3,0,5,6,1,0,1,2,0,1,0,0
25817,7,0,0,4,8,1,4,5,1,0,0,0,0,0,0,0
25821,5,0,0,4,1,0,12,0,5,2,0,6,2,6,1,4
25953,0,0,0,0,0,0,1,0,1,0,0,1,0,0,0,1
26013,0,3,0,0,0,0,0,0,1,1,1,1,0,1,1,0
26032,0,1,0,4,5,0,2,2,0,0,2,2,0,2,5,2
26109,10,0,0,0,9,0,4,3,6,4,4,1,0,6,0,0
26151,1,1,2,0,1,0,5,0,1,0,1,1,2,0,1,1
26175,3,0,2,2,5,0,5,6,3,2,2,4,2,6,0,0
26226,1,0,1,0,0,1,2,0,5,2,3,0,0,3,3,0
26255,1,0,0,0,1,0,5,1,1,0,1,1,0,1,0,0
26361,4,1,6,2,8,4,3,1,5,1,0,2,5,2,1,1
26379,1,1,1,6,11,3,1,1,3,2,2,2,0,1,1,2
26387,0,2,2,2,6,0,1,1,0,0,0,3,2,1,1,2
26396,0,1,0,3,3,0,1,3,0,0,0,0,11,4,3,0
26399,4,3,0,0,5,0,2,0,14,0,2,0,3,7,0,0
26403,0,1,2,3,8,0,1,1,0,0,1,7,2,1,5,2
26423,9,1,0,0,3,0,9,1,2,8,1,4,1,4,1,0
26457,1,4,2,0,1,1,0,1,5,0,1,1,1,5,2,0
26480,8,2,0,0,5,0,1,0,5,1,2,2,3,6,0,0
26520,0,1,0,0,0,0,0,1,1,0,0,0,1,0,4,0
26584,0,2,0,1,4,0,11,6,5,1,1,0,0,2,0,0
26596,5,0,0,0,3,0,6,0,7,3,3,0,0,9,0,0
26622,0,1,0,3,0,0,0,0,1,1,0,2,0,2,2,3
26661,6,0,0,4,5,0,2,0,3,1,2,5,0,3,2,1
26663,0,1,2,0,1,0,9,1,0,0,0,0,1,1,1,3
26689,12,8,0,6,19,0,4,0,7,3,3,1,0,5,5,0
26692,0,5,0,3,9,1,7,3,13,1,3,1,9,5,0,1
26697,5,5,3,2,9,0,5,1,4,3,1,2,2,2,7,1
26761,0,5,0,4,10,0,6,2,4,0,0,0,0,2,0,1
26789,2,0,0,0,2,0,0,1,4,0,1,4,0,8,0,1
26792,0,0,0,1,1,0,2,0,0,1,0,0,2,0,0,0
26796,5,1,0,0,7,2,3,3,1,1,2,2,0,4,0,1
26806,0,3,0,2,5,0,4,2,1,0,0,1,1,2,2,0
26811,0,0,0,0,2,0,0,1,4,0,1,2,0,2,0,0
26888,1,0,1,7,8,0,7,3,2,0,0,0,1,0,0,0
26890,0,0,1,1,1,0,2,0,4,1,2,4,5,3,2,2
26957,0,1,1,3,3,0,4,3,3,1,5,3,0,5,3,1
26969,2,0,0,4,5,0,3,3,1,0,0,1,0,2,0,1
26978,7,1,2,3,9,0,2,0,6,2,1,3,7,2,0,2
26981,7,1,0,14,16,0,6,2,2,0,0,0,1,6,0,0
26985,1,0,0,1,1,0,1,2,4,1,0,1,0,0,5,0
26993,0,0,3,1,0,0,7,7,4,0,0,0,2,1,0,1
27127,7,0,0,0,3,0,10,0,6,2,5,4,0,6,0,6
27149,3,2,0,1,5,2,7,7,12,0,2,4,0,6,1,0
27192,1,0,0,2,1,0,13,6,0,0,1,1,2,3,0,1
27221,6,4,0,3,12,0,1,0,8,0,0,0,1,2,2,0
27239,2,0,1,2,2,1,0,1,2,1,1,1,0,0,3,1
27243,0,1,0,0,0,0,1,1,0,1,2,1,0,1,1,0
27300,1,1,0,0,1,0,2,0,5,1,3,2,0,1,1,0
27305,2,5,0,1,4,0,4,0,1,1,0,2,0,5,1,0
27323,7,1,2,2,2,0,5,5,4,1,0,3,1,5,2,4
27348,3,2,5,0,3,0,1,0,4,0,2,3,0,4,0,1
27380,1,3,0,0,0,0,0,1,1,1,0,2,0,8,0,0
27403,1,0,1,3,5,0,9,0,5,0,1,1,1,0,3,3
27447,5,1,0,2,9,0,4,0,7,2,2,6,0,5,0,2
27448,1,0,3,0,0,0,7,1,6,0,2,3,3,5,3,2
27549,5,1,1,4,5,0,0,2,2,0,1,1,1,2,2,2
27575,0,1,0,1,2,0,3,9,1,0,1,0,1,1,0,0
27623,0,0,0,0,1,0,0,3,0,0,0,0,0,0,0,0
27649,3,1,1,6,6,0,1,2,2,0,0,1,2,1,3,1
27670,2,0,0,0,0,2,0,0,0,0,0,0,0,0,0,0
27704,0,0,0,1,0,0,5,1,2,0,0,0,0,3,0,0
27734,13,1,1,1,8,0,7,1,5,2,1,3,0,10,0,2
27737,3,1,0,0,4,0,2,4,3,0,10,2,1,4,0,0
27747,2,0,0,1,3,0,1,0,0,1,0,3,0,0,0,1
27793,0,1,0,2,2,0,4,3,1,0,3,4,1,0,1,1
27844,1,1,0,2,5,2,9,4,1,2,0,3,0,1,3,2
27848,1,2,0,2,9,1,10,0,3,0,2,3,0,3,0,2
27849,2,0,0,1,0,0,3,6,3,1,1,2,1,0,1,1
27872,3,0,2,4,7,0,8,2,2,0,1,0,1,2,1,0
27878,3,0,2,0,1,0,1,3,4,1,0,1,0,1,3,2
27924,0,0,0,1,0,0,1,3,2,1,0,1,1,3,0,0
27937,0,0,0,1,0,0,0,5,7,0,0,2,1,4,0,0
27945,2,3,0,2,5,0,0,1,7,3,1,1,0,10,3,0
27951,1,4,0,10,12,0,0,1,3,1,2,0,0,4,9,2
27974,0,1,0,1,0,0,3,5,2,0,1,0,0,2,2,0
27980,1,5,0,0,3,0,0,0,2,0,0,0,2,5,0,0
28115,0,1,0,0,0,0,1,0,2,1,0,3,0,3,1,1
28127,1,0,0,1,1,0,1,3,2,0,0,1,1,2,2,1
28152,5,0,0,2,8,2,2,2,1,1,0,0,0,4,0,0
28251,0,0,2,2,1,2,1,0,3,3,1,1,0,1,0,0
28360,0,0,0,0,0,0,2,1,1,0,0,0,0,2,0,0
28375,13,3,2,3,15,0,4,0,6,1,2,3,1,4,0,2
28467,3,2,2,7,8,0,1,1,0,1,0,5,2,3,0,2
28473,2,0,1,0,1,0,0,0,0,0,0,0,1,0,0,0
28482,1,1,0,1,1,0,0,1,1,0,0,0,0,0,3,0
28497,9,2,1,0,7,0,7,2,3,1,1,3,0,7,1,1
28554,3,3,2,1,5,0,5,0,2,0,1,0,2,0,0,0
28635,1,2,0,3,0,0,3,1,0,0,0,1,1,0,3,1
28686,2,0,0,1,5,0,6,3,1,0,0,0,0,0,1,0
28731,0,1,0,1,0,0,0,2,0,0,1,4,0,2,2,2
28871,5,0,0,0,1,0,5,0,1,2,8,3,0,0,0,0
28955,5,2,0,4,5,0,1,0,4,0,0,0,0,1,0,0
29198,0,4,0,0,1,0,0,2,3,0,0,1,0,2,1,1
29241,5,4,2,0,4,0,4,0,4,2,2,1,2,2,1,2
29322,17,2,1,3,15,0,1,0,8,2,2,3,0,4,0,1
29323,1,0,0,2,4,0,0,1,2,0,0,1,4,1,0,1
29325,3,0,1,3,3,0,0,2,3,1,1,0,4,1,0,0
29326,18,4,1,2,16,0,5,1,6,4,4,2,6,10,0,1
29328,5,7,1,2,6,0,1,2,1,0,0,1,0,3,1,0
29338,2,3,0,3,5,0,4,4,4,1,2,2,0,2,3,0
29370,0,0,0,0,1,0,1,4,3,0,2,2,3,4,0,0
29372,4,0,0,0,5,0,0,0,4,0,1,7,2,2,0,2
29373,4,0,0,2,5,0,1,0,2,1,0,0,0,0,0,0
29379,13,3,1,2,10,0,0,2,8,2,1,2,2,5,1,0
29386,1,2,0,1,2,0,4,1,2,0,1,0,0,0,1,0
29427,1,0,0,0,1,0,0,0,0,0,1,1,0,0,0,1
29436,2,0,0,2,4,0,3,0,9,0,1,0,0,2,2,0
29492,12,1,1,0,7,0,0,0,8,0,0,6,2,16,0,1
29502,2,0,0,0,3,0,0,3,1,1,0,1,0,7,0,1
29514,2,0,0,1,2,0,0,1,1,0,0,1,0,1,0,1
29551,3,0,1,8,3,1,8,4,0,2,2,1,1,1,1,0
29558,1,1,0,4,4,0,3,6,1,1,1,6,0,2,0,1
29583,1,0,0,1,0,0,6,4,2,0,0,5,0,4,0,2
29587,7,3,3,1,4,0,11,1,4,4,0,2,5,1,1,0
29595,0,0,0,0,0,0,7,3,10,2,2,0,0,2,0,0
29596,6,2,1,7,17,1,6,0,5,2,3,4,2,4,3,3
29599,1,1,0,13,9,2,1,1,0,0,3,1,1,2,0,0
29661,1,3,0,2,6,0,7,2,8,1,2,1,2,1,2,0
29698,5,0,0,5,10,1,5,3,6,0,1,0,0,4,1,0
29728,10,2,1,2,8,0,2,4,8,1,1,2,1,4,0,0
29816,3,0,1,0,4,0,3,1,1,1,1,1,2,2,1,0
29820,2,4,0,2,2,0,0,4,0,1,2,2,0,1,0,1
29846,0,1,0,0,0,0,0,6,5,1,2,5,0,2,1,3
29854,2,0,2,1,3,0,1,1,0,0,1,1,1,2,1,0
29875,4,1,1,3,4,0,10,0,1,2,1,1,0,5,1,0
29877,0,1,0,3,12,0,8,0,2,0,0,1,0,0,0,1
29884,11,3,2,3,9,0,6,0,3,3,0,3,4,9,0,0
29909,0,3,0,1,0,0,2,2,3,3,0,0,1,4,0,0
29911,0,0,0,4,0,0,7,5,3,0,1,5,0,4,0,4
29930,1,0,0,0,1,0,1,1,2,0,0,2,0,0,0,1
29933,11,2,1,4,6,0,1,0,3,1,1,1,0,8,1,1
29946,6,1,0,4,9,0,2,0,1,0,0,2,0,6,0,0
29947,2,1,0,1,2,0,3,1,0,0,0,1,1,2,0,0
29954,4,1,0,1,2,0,4,0,7,1,2,5,0,3,1,0
29970,3,1,0,1,8,0,2,2,8,1,0,3,3,1,0,3
30086,5,0,0,0,4,0,3,0,0,6,1,6,0,4,0,1
30246,9,1,0,2,7,0,2,1,3,1,2,0,1,2,0,1
30324,5,3,0,2,7,0,0,1,6,0,4,0,0,0,1,0
30330,0,2,0,0,0,0,0,2,2,0,1,4,0,6,1,0
30332,1,1,0,0,2,0,1,0,1,0,0,3,0,0,3,0
30340,0,2,0,0,1,0,0,2,3,1,0,4,0,2,0,1
30413,3,1,0,1,2,0,1,1,0,0,1,0,0,0,1,0
30423,1,0,0,1,2,0,4,0,4,0,2,1,2,3,0,0
30449,4,1,0,1,1,0,3,2,4,0,3,2,2,4,18,1
30534,5,0,2,2,2,0,3,2,0,1,0,1,1,2,0,0
30551,2,0,1,1,0,0,4,2,1,2,2,1,2,1,0,0
30572,2,0,0,2,2,0,1,1,1,0,0,0,0,0,0,0
30784,1,1,3,0,8,1,1,0,3,0,0,1,0,1,1,1
30881,2,0,1,3,5,0,0,1,3,1,0,2,4,3,2,2
30934,6,1,1,1,4,0,0,2,2,0,1,3,0,3,0,2
31038,5,0,0,0,4,0,2,0,3,2,1,3,0,3,0,0
31061,0,1,0,6,2,1,3,4,0,0,0,1,0,1,0,1
31104,0,8,0,0,0,0,4,1,4,2,11,0,0,8,1,0
31214,0,0,0,0,0,0,0,0,0,0,0,0,0,2,0,0
31230,0,1,0,0,0,0,0,1,6,1,2,1,0,4,1,1
31378,8,0,2,1,9,0,1,0,5,1,0,2,1,3,2,0
31379,7,0,0,0,6,0,1,0,0,2,0,2,1,4,0,0
31380,5,1,0,6,3,0,1,1,3,1,1,5,0,5,0,0
31391,0,1,2,2,0,0,5,0,0,0,0,2,1,5,0,2
31401,2,4,1,1,2,0,4,6,10,0,0,0,3,1,0,0
31446,0,0,0,0,0,0,1,0,1,1,1,1,0,2,0,0
31455,2,0,1,0,1,0,1,2,0,1,1,1,0,1,0,1
31485,1,1,1,0,2,0,2,1,4,0,0,1,2,2,0,1
31716,8,0,1,3,6,0,9,2,0,5,0,0,0,0,0,0
31726,1,0,0,0,1,0,1,1,2,0,0,1,0,1,0,1
31780,0,0,0,0,0,0,0,0,0,0,1,0,0,0,0,0
31842,5,1,0,2,2,0,1,0,0,0,5,0,0,0,0,0
31951,0,0,0,0,0,0,1,6,2,1,0,4,0,4,0,1
31968,0,1,0,5,4,0,7,0,3,0,0,0,0,0,3,0
32025,1,0,0,1,2,0,4,2,1,0,4,1,0,1,0,0
32046,5,4,2,0,4,0,0,3,1,0,0,1,3,3,0,3
32048,3,1,0,1,3,0,2,2,4,1,1,2,1,0,1,0
32049,5,3,0,2,6,0,3,1,4,2,0,7,2,3,1,5
32163,1,0,0,2,4,0,0,1,2,0,0,0,0,1,1,0
32260,7,0,4,1,7,0,2,0,5,1,1,0,2,7,0,0
32264,4,2,0,2,2,0,2,5,4,0,0,1,0,4,0,0
32615,4,0,0,1,4,0,1,1,0,0,1,1,0,4,0,0
32716,15,0,3,1,6,0,4,2,16,3,3,0,1,6,1,0
32751,1,0,4,0,3,0,2,0,1,0,0,1,3,0,0,1
32782,1,0,0,1,0,0,0,3,2,0,1,0,0,0,0,0
32807,7,0,0,3,6,0,5,3,3,1,1,2,0,4,0,0
32841,0,2,0,0,0,0,2,2,1,2,1,1,0,4,3,1
32916,0,4,0,9,3,0,14,2,0,0,0,2,0,2,0,2
33024,5,1,0,2,5,0,5,2,3,1,0,1,2,2,0,2
33039,8,0,0,0,3,0,0,1,9,1,2,2,3,2,1,1
33071,1,1,0,0,2,0,0,6,3,0,0,4,0,1,0,4
33084,0,0,0,0,2,0,0,2,8,0,0,1,0,0,0,0
33153,0,0,0,3,2,0,3,4,0,0,0,0,0,4,0,0
33222,1,1,3,0,1,0,3,0,2,0,2,1,2,1,0,0
33224,3,1,0,0,3,0,0,1,2,0,0,1,5,2,0,0
33302,1,0,0,0,1,0,2,3,1,0,0,0,0,3,0,0
33373,1,0,0,1,1,0,8,0,9,0,0,0,1,1,0,0
33374,3,1,0,1,4,0,1,0,2,1,1,5,0,7,0,0
33375,6,0,1,3,2,0,6,8,7,1,1,0,2,0,0,0
33379,6,2,0,1,6,0,2,1,1,0,0,0,0,9,0,0
33393,5,3,2,9,2,1,10,2,2,1,1,1,0,0,0,0
33407,0,3,0,1,2,0,5,1,3,0,0,1,0,0,1,1
33435,0,0,0,0,0,0,1,3,0,2,0,1,0,0,0,1
33458,8,1,0,0,9,0,2,1,5,0,0,8,9,4,0,3
33479,13,4,0,4,13,2,0,2,9,0,0,1,0,6,2,1
33508,0,1,0,1,0,0,0,2,3,0,1,3,0,3,1,2
33572,14,0,1,0,3,0,7,6,5,1,0,1,0,2,2,1
33573,1,0,0,0,0,0,0,4,0,0,0,5,0,0,0,2
33657,1,1,0,3,4,0,0,1,2,1,0,2,0,4,0,0
33689,6,3,0,2,10,0,3,2,3,0,6,2,0,4,0,0
33763,4,0,1,0,1,0,4,1,3,0,0,2,2,4,0,0
33774,1,0,0,0,1,0,1,7,3,0,0,0,2,1,0,0
33782,1,2,0,1,1,0,1,0,3,2,2,1,0,4,1,1
33796,0,1,0,0,1,1,1,5,4,0,0,4,1,7,1,2
33824,0,2,0,1,1,0,3,2,2,1,0,1,0,1,1,0
33833,1,1,1,7,4,4,8,1,7,1,1,3,2,3,2,0
33838,2,3,2,3,6,0,7,2,1,0,1,0,1,1,0,0
33849,1,0,1,2,0,0,0,4,2,0,1,1,2,2,0,0
33853,1,0,2,5,5,0,14,3,8,0,1,1,3,2,0,0
33858,3,2,0,0,2,0,1,3,2,0,0,0,0,2,1,0
33872,1,0,0,5,0,0,10,3,2,0,0,0,4,3,0,0
33891,1,1,0,0,3,0,2,0,2,0,0,4,0,3,0,2
33903,9,0,0,5,13,0,2,5,0,0,0,2,1,4,0,2
33916,10,0,1,5,6,0,1,4,1,0,0,0,0,0,1,0
33960,0,0,0,1,1,0,3,2,0,0,1,1,0,2,0,0
33983,7,4,2,0,2,1,3,2,3,1,0,1,3,2,3,0
33993,3,4,0,3,6,1,5,2,8,2,1,1,3,2,1,0
34005,3,0,0,0,2,0,0,0,1,0,0,0,1,1,0,0
34051,2,1,0,2,1,0,1,2,0,0,0,3,0,0,0,3
34056,4,0,0,0,3,0,1,2,1,0,0,6,0,3,0,2
34062,1,1,0,2,1,0,4,8,1,0,1,2,0,4,1,2
34092,12,1,1,1,3,0,0,9,3,0,1,1,1,0,1,2
34105,0,1,0,1,2,0,0,1,3,0,0,1,0,1,1,0
34117,6,1,3,2,4,0,2,5,5,0,0,7,3,3,2,5
34157,2,5,1,6,8,0,8,2,6,1,2,1,0,8,0,0
34178,0,3,0,1,1,0,0,0,0,3,0,3,0,3,1,0
34223,1,1,0,0,1,0,0,3,3,0,0,1,1,3,1,0
34271,1,0,0,6,6,0,5,1,7,0,0,1,6,0,0,1
34272,2,0,0,1,6,0,5,2,5,1,2,1,1,1,0,1
34281,0,0,0,0,5,0,0,5,6,0,4,0,0,1,3,0
34309,1,1,0,0,2,0,3,5,5,1,3,3,0,4,1,1
34316,1,1,0,1,2,0,2,1,2,0,0,0,0,1,0,0
34363,7,2,0,1,7,0,9,3,6,3,3,1,1,7,0,0
34412,0,0,0,0,0,0,1,0,1,0,1,4,0,0,0,3
34558,0,0,0,1,0,0,3,3,2,0,1,2,0,1,0,0
34627,5,3,1,2,4,0,1,1,3,1,3,0,1,2,5,0
34639,0,7,0,0,5,0,1,2,1,0,0,0,1,0,1,0
34660,4,0,0,6,3,0,12,3,3,0,1,3,1,3,0,1
34685,7,0,0,1,0,0,12,0,2,0,1,4,0,5,0,0
34695,0,0,0,0,0,0,0,0,0,0,0,1,0,0,0,0
34752,3,4,0,0,3,1,2,1,6,2,1,2,2,1,1,1
34794,0,1,0,1,0,0,1,2,0,0,0,0,0,1,0,0
34798,1,0,0,0,1,0,2,1,0,0,0,2,0,3,0,1
34802,0,0,0,0,0,0,0,4,5,0,0,2,3,4,11,1
34825,0,0,0,0,0,0,0,1,3,1,3,6,0,6,1,3
34877,0,0,0,0,2,0,6,6,7,1,2,1,4,3,5,2
34884,0,0,2,0,1,4,1,0,1,0,0,2,2,0,0,0
34886,1,0,0,0,3,0,0,1,10,0,0,5,0,3,0,1
34893,1,0,0,0,2,0,2,1,0,0,1,5,1,3,1,1
34908,3,0,3,2,2,0,4,1,0,0,0,0,1,2,0,0
34910,7,1,0,2,6,1,3,1,6,3,3,1,1,1,1,0
34915,3,1,1,0,5,3,0,2,1,1,0,2,1,2,1,1
34994,2,0,2,9,7,0,4,3,3,1,1,4,2,3,0,1
35049,4,1,0,2,7,0,4,2,0,0,0,0,0,0,1,0
35065,3,2,1,2,5,0,6,1,3,2,2,2,2,1,0,2
35083,0,0,0,0,0,0,1,0,1,0,1,1,0,2,0,0
35117,6,0,0,4,9,4,5,1,1,1,0,1,0,2,0,0
35184,0,1,0,1,1,2,4,4,1,0,0,0,0,2,0,0
35210,0,3,0,0,0,0,3,0,6,0,0,0,0,4,3,0
35215,0,1,0,1,1,0,1,0,0,0,0,0,0,1,0,0
35229,1,0,0,2,1,0,0,3,0,0,0,1,0,1,0,1
